"lagoslakeid","UID","mercury","atrazine","microcystin","ecoli","chla","tp","tn","secchi","DOC","conductivity","lake_huc12","neon_zoneid","lake_lon_decdeg","lake_lat_decdeg","lake_shorelinedevfactor","ws_zoneid","ws_area_ha","value.soil_clay_pct","value.soil_depthtobedrock_cm","value.soil_kffact","value.soil_orgcarbon_gperkg","nlcd_devsum_pct","ag_total","value.runoff_inperyr","P_Ag_Buffered","DMR_Metals_TWPE_lb_eq_yr","DMR_Organic_Enrichment_Disch","Number_of_CSOs","SNFA_MEAN","PIMPV","Manure_P_kg_ha","HUC12_Pop","lake_waterarea_ha"
40,2010644,0.349,0,0,0,2.35,8.23375,0.306,4.5,2.52,160.9,10802040402,0,-72.51368144,42.14581339,1.380009167,40,33.53445824,16.48106061,1552.731061,0.1599999964,168.5189394,85.86956522,0,23.90460297,78.95996808,105.5393002,576878,30,2.28137064,19.64055094,0.0285534824,81550.40355,11.23554081
117,2011118,0.157,0,0,1,7.66,15.41625,0.34,1.8,3.02,27.8,41504030702,0,-72.94649272,44.41665779,1.307107835,117,196.3264802,11.5443038,1319.27895,0.2399999946,244.625879,0,0,22.00734454,59.09798514,0,505.2,0,1.339468002,1.667472562,0.3107722817,6829.517693,7.223521274
328,2010537,0.059,0.13,0.591,9.8,114.29,242.54375,3.206,0.4,11.48,317,70200110606,5,-93.90061486,44.1954596,1.755392655,328,888.2225,23.82766718,7244.330475,0.2399999946,84.28320572,4.421734291,67.87412729,5.006442424,68.97324863,0,0,0,51.4155426,2.555166979,5.645409408,2789.242161,189.2592352
431,2011475,0.146,0.09,3.028,2,329.6,769.694,9.506,0.1,15.14,873.2,70102050306,5,-94.03183459,44.94193467,1.352263564,431,193.3909,22.26315789,8177.07767,0.25,78.45324476,7.448789572,77.28119181,4.79236342,44.96286905,0,0,0,50.33511734,1.706318535,1.990338252,3588.262991,72.19909314
580,2011205,0.177,0,5.79,1,53.5,38.2,0.49,0.75,16,37.2,70700010303,4,-89.34574854,46.06897251,1.410809472,580,276.3635,6.01252472,1524.51648,0.1380918239,171.841793,5.079778574,0,13.7089085,100,0,0,0,0.02252050117,0.1405355387,2.96e-05,137.6378122,14.80909251
647,2010354,0.0487,0,0,0,42.08,27.845,0.873,0.6,3.4,791.5,50400011402,6,-81.22115546,40.24353664,6.181564056,647,16884.33201,21.36768141,543.1110032,0.3810769562,156.0995754,4.808486819,22.44902311,14.94787556,89.74304221,0,0,0,2.372179747,0.5273132838,0.3334636231,736.3379353,663.63993
654,2011043,0.0333,1.62,0.17,9.6,20.96,62.285,1.913,1.2,9.47,539.5,40500011604,4,-85.44887639,41.35304712,1.566811322,654,385.2324162,18.25182224,4428.163414,0.2225245452,75.52927345,3.903693315,59.42028986,11.47747919,63.31781426,0,7196.412791,0,48.31280899,0.6262039007,1.096488022,1142.914815,16.00652388
671,2011014,0.1886,0.03,0,0,6.72,17.08125,0.67,3.1,7.24,251.1,40500020205,4,-86.0536866,42.38551035,1.833247328,671,477.0861657,10.23266263,3328.053135,0.2231827659,189.5372143,12.68191268,10.09261009,14.87511818,80.15015526,0,0,0,23.33396912,1.196402912,4.18430809,2904.5112,114.3752746
696,2011008,0.1971,0.05,1.55,0,7.06,13.69625,0.823,1.9,7.5,450.1,40500010502,4,-85.57441544,42.18636163,1.311093658,696,912.2606587,12.81877314,3544.907135,0.2399999946,172.2981087,55.25330179,4.2578356,11.96470691,98.1368767,0,0,0,21.51283073,6.65584237,0.8431138918,16185.78937,136.0533754
799,2010494,0.0285,3.21,1.042,3.1,38.4,56.1925,1.694,0.5,8.97,361.6,51201060605,5,-86.4627505,41.076344,2.16859149,799,1563.779836,12.82188369,4135.896837,0.1979558425,95.98795181,7.653383934,82.73244782,12.28870387,26.54203878,0,60.84,0,72.60853577,0.5161664112,3.028624344,504.4411172,99.99602864
907,2011198,0.171,0,0,1,6.46,12.1425,0.261,2,6.26,30.4,10801010501,0,-71.79896198,44.77787258,1.770285139,907,112.6875989,5.812199037,1419.297753,0.2814626304,226.3001605,0.2384737679,0,27.7478048,90.65934066,0,0,0,0.05817812309,0.1458979607,0.01015838736,94.68141587,8.996844014
911,2011424,0.163,0.03,0.104,9.8,12.1,24.6359,0.801,1.9,13.4,46.6,70101030101,4,-93.03259237,47.55946005,1.157113948,911,50.2623,16.2437276,2571.908602,0.2300000042,121.8799283,5.197132617,3.94265233,8.333748737,88.88888889,0,0,0,0.1032689884,0.2484597166,0.00528523335,132.1570414,11.26979775
1045,2010910,0.0704,0.03,0,0,3.54,17.18,0.473,3.4,6.63,279.1,70101010201,8,-95.2180673,47.18924708,1.423459362,1045,790.7217,10.63424722,7579.555424,0.1843416844,127.8583077,0.8314350797,0,4.354784426,100,0,0,0,0.1100561246,0.08870908345,0.01153165079,22.13425259,118.0881116
1084,2011076,0.0526,0.62,4.05,0,44.3,127,1.14,0.5,10.1,180,70900021102,5,-88.94225534,42.73189191,1.195054101,1084,2025.329,21.33288835,2546.728519,0.309951986,123.9709429,6.898697604,84.13566253,8.235780103,70.68099886,0,0,0,36.98454285,11.82064537,0.9215046707,27611.98701,10.10051517
1130,2010302,0.0536,0,0,2,2.93,5.66,0.179,4.5,3.22,143.2,51202080604,5,-86.34239599,39.18490835,2.41235474,1130,1743.821506,14.83777328,762.7091447,0.349999994,129.4239497,2.890471766,0.5368018995,14.51557486,62.06163656,0,2316.4,0,1.667621493,0.5730687545,0.02455078111,3126.751453,49.81595836
1239,2010749,0.235,0.03,0,3.1,4.62,19.35875,0.491,2.55,6.43,6.9,40103020601,4,-91.28682348,46.39288314,1.766106216,1239,42.33790208,9.466809422,2580.79015,0.200000003,105.6723769,4.496788009,0,14.1803611,100,0,0,0,0,0.1081462436,0,17.51643945,13.55080563
1278,2011026,0.1514,0,0.121,2,1.81,9.775,0.578,5.2,8.97,267.2,40700070705,4,-83.92775204,44.43005406,3.170869114,1278,2980.162532,11.14558654,3056.872699,0.1309717301,176.6921511,3.367969552,3.824080227,10.9920041,97.6132489,0,0,0,0.4623914361,0.5020008587,0.07982751687,875.3984515,128.8272364
1335,2010422,0.153,0.05,0,0,8.19,9.82875,0.716,2.5,6.93,400.4,70102060801,5,-93.12356065,45.07162501,1.401461287,1335,393.3926,17.64108619,5790.212751,0.209427916,96.51971665,89.19908467,1.876430206,5.614070907,70.42253521,0,0,0,3.429464817,21.72408045,0.0321326741,59932.76136,59.47743701
1352,2011416,0.0716,0,0,1,3.14,13.4,0.384,4.2,10.38,122.6,70300010703,4,-92.4720025,46.052753,1.13268838,1352,91.34548,11.31972789,2652.592971,0.1101369898,110.3752834,11.74168297,0.4892367906,11.17432802,97.2255939,0,0,0,3.544687271,0.1783572856,0.6111426283,288.6368769,21.10450869
1406,2010286,0.0876,0.03,0,6.3,5.73,12.2,0.365,2.4,4.7,333.1,40500070406,4,-85.45859084,42.61970366,1.528825517,1406,702.9452623,10.97551596,3858.366491,0.1876913253,162.1788232,5.204460967,0.0128188694,11.46765427,84.76429733,0,0,0,12.80377007,2.573037082,1.098798215,5704.338205,13.79744527
1411,2010696,0.0559,0.05,0.192,0,3.17,16.12875,0.585,3.5,4.89,311.9,90201030405,8,-95.83996465,46.41946566,1.263044024,1411,102.8126,18.28316087,7248.408278,0.1899999976,69.27939793,6.190061029,55.97210113,3.490157973,99.82506631,0,0,0,15.28094959,0.3212153721,1.171463926,401.8323649,34.26740892
1420,2010933,0.507,0,0,24.9,3.51,13.79625,0.491,23.7,4.21,150.8,20402020202,1,-74.78856898,39.84998222,3.382451261,1420,1283.971917,6.042148818,1738.215022,0.1716368642,135.3437829,21.13752718,2.43355074,21.91160148,89.60253891,0,2521.35135,0,1.922656178,8.744908662,0.01132752727,58299.90157,11.06126095
1437,2011034,0.0376,6.2,1.495,1,92.6,74.015,3.631,0.5,13.15,472.1,40500011603,4,-85.37036534,41.40073361,1.836760357,1437,3792.155476,19.23420607,7335.362491,0.3173738688,84.16601828,4.70384515,75.01719762,11.36065769,59.52366412,0,0,0,53.33467484,1.828522751,1.21198132,3335.493386,52.81388851
1530,2011423,0.312,0,0,5.2,18.9,58.5,0.537,0.5,20.8,18,40103010701,4,-91.72473473,46.45779351,1.190405881,1530,327.4096636,10.86767538,2239.928198,0.288864442,128.7636864,1.429749794,0,14.13252428,97.39978332,0,0,0,0.1114161834,0.2605771052,0.003549141887,1747.908907,4.430328737
1763,2011077,0.0581,0.09,0.89,0,12.8,30.0975,0.674,1.4,4.67,163.7,51402010302,6,-86.64319367,38.12730622,2.10804356,1763,2316.457247,16.92015921,669.8087489,0.3589092124,106.2285569,5.302412306,27.28897176,18.34275715,43.60804672,0,0,0,10.32550907,0.2811746261,0.783005486,1157.798302,55.38274665
1828,2010581,0.0722,0,0,0,0.65,5.855,0.273,12.2,2.91,279.4,40700050206,4,-84.18021385,45.12481926,1.248470187,1828,388.5610803,9.164697372,4105.535327,0.150000006,150.5840367,14.21625376,0.0231535078,11.76389573,97.49552773,0,0,0,0.02112137154,0.7531242075,0.002410965807,157.1073634,55.808921
1847,2010736,0.108,0,0,0,1.86,11.6025,0.464,7,8.12,224.7,90300060103,4,-93.6652418,47.5223375,1.410522179,1847,121.2654,11.68397626,3987.994807,0.3100000024,105.1839763,5.192878338,1.706231454,6.680592488,99.15492958,0,0,0,0.4198610783,0.346619091,0.02511278334,232.9601193,19.1846435
2039,2010375,0.0607,0.08,0,2,19.04,55.1575,0.903,1.2,8.01,128.3,50400010401,4,-80.98127693,40.79014035,1.292608022,2039,47.67278067,21.15340909,1741.890152,0.4499999881,140.3143939,3.21969697,28.40909091,14.16618516,56.42876675,0,1.976706327,0,22.66391754,0.4803431505,1.941097697,882.9096626,16.04975575
2097,2010915,0.0537,0.12,0.159,21.6,63.36,176.175,1.171,0.6,4.64,552.6,50600020106,6,-83.37620066,39.8693323,2.494610103,2097,8014.118398,23.86931837,3427.746473,0.3585093926,71.75508437,12.61807685,79.16905348,12.83346908,34.1816561,0,0,0,57.56819916,0.9040274023,0.2448820753,1487.288995,42.24776103
2106,2010383,0.0393,0.34,1.063,0,9.05,23.19625,0.795,2.1,5.1,440.7,51201060202,5,-85.78843845,41.28327547,4.28326883,2106,1514.538183,18.33954375,3713.884646,0.2216810353,92.79474882,11.04640799,68.18586963,11.9505034,65.04309644,0,0,0,35.99200821,8.962788876,3.601886314,13800.82624,258.8125707
2176,2011470,0.172,0,0,0,2.82,9.56,0.201,3.1,5.43,19.2,70500030204,4,-90.15106083,46.01986842,1.425064494,2176,101.5535,7.742804085,2077.373259,0.1499111085,138.6248839,4.977777778,0,13.49474386,85.625,0,0,0,0.0543785207,0.1940853052,0,104.1341789,27.04641919
2197,2011375,0.111,0,0,4.1,3.14,27.17625,0.578,2.9,3.04,384.1,40601010509,4,-86.44055051,43.93510536,3.193801293,2197,159887.9318,9.01072094,3114.43864,0.1662478753,156.5304719,6.03758015,14.6315021,15.13302119,69.95969632,32.90867468,23893,0,11.16196918,10.73866177,0.634670021,9196.044977,246.8490614
2200,2010746,0.172,0.03,1.423,0,4.14,8.4975,0.335,3.2,3.13,128.6,10900020203,0,-70.44178445,41.64867935,1.054252402,2200,701.2019996,4.112712301,2620.953809,0.2346250886,350.7328873,43.04823151,2.996784566,19.96267349,88.85941645,0,0,0,0,5.221887224,0,2359.796245,21.6479924
2234,2011296,0.068,0,0.335,0,2.84,9.09875,0.465,4.5,4.83,290.7,40601020506,4,-84.99971634,43.95681529,1.791007605,2234,223.7411866,7.713970912,2485.653592,0.1326334772,153.4557074,23.28382176,3.091128061,11.90678778,69.02811815,0,0,0,2.862438917,0.6240577448,0.5405030459,947.6795334,27.5888128
2271,2011223,0.132,1.51,0,1,9.33,40.77125,3.775,1.6,3.53,418.5,50800030712,5,-84.96907473,39.61176759,2.16511046,2271,4692.272893,20.0924881,2143.59957,0.3570191254,80.61812913,10.28596636,64.08638447,13.35308458,49.14834136,0,1202.71,0,60.98727036,1.690233557,0.9460092632,2543.973465,68.96657897
2287,2010810,0.0737,0.04,0,45.7,21,41.77,0.903,1.4,8.19,397.9,70102040501,5,-94.3331649,44.99951958,1.274994332,2287,1398.952,19.97275513,6871.550626,0.25,77.62123634,5.374823197,78.88646007,4.511301426,82.20873523,0,0,0,44.27761078,1.055285201,5.755717754,876.762187,428.0376132
2344,2010454,0.0381,0,2.69,0,89.6,124.0225,1.834,0.4,6.4,215,70102070702,4,-93.34527908,45.47435511,2.006105067,2344,1349.07,11.07286864,3497.704535,0.1299999952,72.50361247,7.423929689,40.36220787,6.503649882,92.74538153,0,0,0,23.60666084,2.121005539,0.3932114633,8649.406235,146.7078409
2370,2011180,0.164,0,0,2,22.3,30,0.373,0.5,16.5,13.5,70700010401,4,-89.26961281,45.86674075,1.56628978,2370,556.9715,5.646359584,1551,0.1518697468,150.9612019,3.4583064,0.177763413,12.98281291,98.70751556,0,0,0,2.450307131,0.8045608184,0.02534893903,1629.513021,24.75851676
2414,2010534,0.0815,0.09,0.108,0,205.92,175.50375,3.944,0.4,12.71,214.5,41100010401,4,-82.08359086,41.11157661,1.67979321,2414,22286.23687,21.41045337,1801.591429,0.3876903329,134.5108798,5.935084758,56.36796072,12.52977961,54.52291396,0,1022.899159,0,29.86806107,0.9065911652,0.7200726268,3480.497177,36.09098375
2458,2011305,0.0569,1.72,0.161,0,25.28,52.91375,0.948,1.3,5.59,129.8,51402010402,6,-86.77659662,38.25522293,1.805770802,2458,539.7899424,16.46984339,654.4846718,0.3544685047,100.4923359,5.064978341,22.40919693,17.5257046,37.47891058,0,0,0,23.4505825,0.2707778047,8.727796817,333.3684654,16.05005453
2751,2010572,0.262,0,0,0,4.84,18.61375,0.363,3.9,6.06,25.4,40101010601,4,-90.48633286,47.91120579,2.959404389,2751,247.8922846,15.20030523,1121.930942,0.2300000042,266.8702785,1.162790698,0,11.94160474,97.6744186,0,0,0,0.03978288546,0.8262083293,0.007232653451,283.3563641,80.34530862
2826,2011035,0.114,0.04,0.259,6.3,9.14,22.285,0.605,1.7,8.79,143.9,40601020302,4,-85.48175152,44.24724072,1.707476453,2826,6606.289826,7.25644165,2435.955092,0.1078279435,170.3515979,6.026837409,6.897350317,14.25119546,98.38823057,0,0,0,1.845828056,3.956798095,0.1457435122,10909.07837,1074.03943
2882,2010685,0.0959,0,0,0,5.84,18.3225,0.589,3.5,6.67,290.8,70101040803,8,-94.6982435,46.00964266,1.621760867,2882,606.6858,13.19179735,3810.276387,0.184333578,93.31966224,4.773906598,16.39733136,5.620779322,79.32675566,0,0,0,5.757544041,0.3895372928,3.411360833,363.695223,91.76817458
2898,2011098,0.0515,0.63,0.728,1,23.31,46.35875,1.086,1.3,6.85,481.3,40500011505,4,-85.35290699,41.48871699,4.182542964,2898,3756.558624,18.10522862,5387.810545,0.2483694346,100.6897348,17.43673313,51.06163727,11.33984629,76.18438956,0,348.9,0,39.99951553,1.407240705,0.9182477698,2089.804125,264.4283875
2928,2010676,0.0671,0.41,0,0,3.59,13.6825,0.765,1.5,7.31,638.4,40500010801,4,-85.0119777,41.72520601,1.421110477,2928,899.7955124,16.38500302,3490.012901,0.294224322,136.6987503,34.88604558,31.8672531,10.80791751,85.84499771,4.967817,1956.669,0,20.01635551,4.91531133,0.3995655384,5363.04057,28.42348763
3017,2010709,0.0657,0.04,0,1,2.98,19.5825,0.638,6,5.95,364.3,70101080109,8,-95.3960807,45.9185881,1.480923855,3017,256.6802,20.28597701,6030.516782,0.1893978849,122.9462069,49.29577465,17.88732394,4.487775142,97.22365925,0,0,0,6.691345692,1.799869308,0.7205100051,1840.891482,422.0085608
3056,2011007,0.1751,0,0,1,11.79,32.74,0.786,1.8,5.14,466.5,20401050202,0,-74.78423637,40.95074533,1.939599102,3056,734.2329872,14.46336928,1647.931945,0.2635195198,282.0462378,13.19666094,17.68966364,21.14180493,74.54799381,0,8429.715,0,9.733492851,1.360915351,1.706441434,8051.712079,25.35218487
3213,2010549,0.216,0,0.315,0,2.11,20.365,0.449,3.45,7.77,117.2,40102020403,4,-92.00236827,47.06918276,1.727378738,3213,728.4929198,11.07700076,2302.875915,0.2597227628,140.0989649,3.725247525,0.0618811881,12.73781829,100,0,0,0,0.03041188419,0.120293887,0.001735193484,142.8475564,37.13953804
3253,2010600,0.0689,0,0,2,2.62,5.8025,0.215,2.8,2.59,96.9,50600020802,6,-82.69059151,39.05559352,3.669986701,3253,741.7629,20.37859134,442.9563583,0.4030018202,111.6783853,3.912780133,21.65960024,15.86362721,77.3695296,0,5.872917273,0,7.412478447,0.9808548778,0.324166631,1427.298299,65.82615387
3305,2011078,0.0703,0.16,1.4,0,24.8,62.49625,1.255,0.7,7.66,386,71200010702,4,-86.47460921,41.41424821,2.488174072,3305,1472.043,13.17723486,3221.829044,0.2127292848,100.6281238,18.14619811,56.7772744,12.6709192,37.8344849,0,361.396,0,53.69103241,1.057068215,0.3554672877,2711.828287,137.387265
3365,2010380,0.0408,0.1,2.71,2,6.13,19.31625,0.679,3.2,6.72,454.3,51201060104,4,-85.69322693,41.28560211,3.989851675,3365,610.4305988,18.26755502,3464.865698,0.2613839452,94.17248091,14.11938099,58.77671334,11.87084248,63.68569777,0,278.1818,0,41.48947906,1.859868001,4.220926759,2756.489772,56.66362098
3386,2010256,0.0559,4.08,0,5.1,29.37,100.27125,6.55,0.6,5.18,456.2,50600011006,4,-83.06867027,40.36301418,5.547346638,3386,95951.2452,23.43973591,1856.819587,0.3744199982,97.94234236,9.563764841,75.23389336,11.90001939,33.44110665,0,0,0,30.18747902,1.424877408,0.1439380417,660.7736853,454.1452265
3434,2010543,0.0756,0.08,0.538,1,39.04,51.88875,1.319,1.2,8.16,307.5,70102030602,5,-94.02666784,45.26386938,2.287104722,3434,805.9719,16.92945559,5402.72984,0.2157679898,83.73657012,6.068042387,77.41215839,5.153940326,83.40687237,0,0,0,21.51281738,1.219255969,1.765363344,3269.383552,174.7209048
3464,2011258,0.113,0.78,0.1,0,34.4,52.0875,1.345,1.5,11.25,323.8,40500011604,4,-85.41774815,41.33685381,1.321801541,3464,65.0302548,18.39612188,3833.443213,0.3700000048,106.9141274,13.85041551,17.31301939,11.47747919,63.31781426,0,7196.412791,0,48.31280899,0.6262039007,1.096488022,1142.914815,11.23168667
3502,2011144,0.239,0.05,0,0,3.52,16.75875,0.561,2.5,5.28,11.4,40201040207,4,-88.85380402,46.85967167,2.512668548,3502,165.581491,8.923333333,1775.497778,0.1657704945,212.8622222,3.661202186,0,20.38796746,79.96146435,0,0,0,0.07248733193,0.1607959551,0.01244065329,83.08212262,23.98046953
3505,2010467,0.0442,1.28,0,0,10.67,21.92875,1.06,1.8,7.62,458.3,51201060105,4,-85.77544437,41.33282414,3.962000442,3505,1376.841458,17.51353203,3590.179239,0.2160752627,115.8722165,17.52678338,49.40553959,11.85986431,69.89761092,0,2967.516,0,36.2036705,2.248961156,2.432390073,4582.26975,339.9464718
3559,2010948,0.0201,0.34,0,13.4,18.56,17.19875,1.424,1,9.78,401,40500011101,4,-85.32951702,41.62316902,1.621652276,3559,1846.499383,16.5223398,5631.754066,0.2634272828,85.60346855,4.915634449,64.96635131,11.40482571,80.86245231,0,119.1036,0,48.60300064,0.9101657941,3.680078529,1705.61059,41.19058887
3566,2011465,0.0942,0,0,0,14.1,20.3,0.332,2.2,5.45,14.2,70700010308,4,-89.19835051,45.96693825,1.332135193,3566,137.7037,9.352822581,1897.472446,0.177027385,153.1673387,5.5410691,7.627118644,13.38522034,98.51682142,0,0,0,3.875653505,0.7716304479,0.0096025512,1194.298885,29.61624211
3582,2011010,0.0294,1.34,0,3.1,20.8,19.9675,1.836,0.7,6.57,505.4,40500010404,4,-85.31759494,41.94485991,3.470818854,3582,24084.17754,15.95377335,2961.946784,0.2199009295,115.1437758,6.311383511,66.03744674,11.33429102,67.09649262,0,0,0,39.02429199,1.75023994,1.430421466,2375.021978,294.5937822
3644,2010633,0.0486,1.08,0,0,80.32,157.94125,1.76,0.6,5.88,385.1,50800010705,5,-84.26522022,40.17663921,2.413273449,3644,2047.017839,23.64856665,2479.738612,0.3672432323,55.80601477,6.30495955,75.96289131,12.10924544,37.1573054,16.43832299,28265.78122,0,35.39310455,7.46231488,0.739902661,22169.19509,15.31624262
3651,2011236,0.0601,0.2,0,0,8,23.41875,0.33,2.1,3.24,126.2,51202080701,5,-86.40938297,39.07352948,8.365863883,3651,102963.6757,15.80470747,753.8941509,0.3523155385,117.5652974,4.431133223,8.967767538,14.71231763,89.09952607,0,2540.692342,0,0.1355237663,0.09966732963,0.002624277535,428.9876656,4497.050162
3695,2010478,0.058,1.47,0,13.5,0.63,26.82625,2.575,2.1,5.34,289.6,41000111203,4,-83.02036054,41.23852148,1.081742716,3695,4.368876242,21.62162162,1800.648649,0.2599999905,122.6486486,0,22.44897959,10.04666909,40.63064589,0,11.3571612,1,59.06623459,1.704184177,0.539799222,3544.159957,41.35112058
3809,2011225,0.102,0,0,14.5,4.01,33.2,1.91,23.7,4.52,470,70700021102,4,-89.14080787,45.14243842,3.8165742,3809,9119.064,12.28239996,2420.699748,0.2745483887,126.5664381,5.976217496,66.53772142,11.53735642,39.26039305,0,0,0,41.31937027,2.322833013,1.866703355,4500.247425,12.04772834
3909,2010586,0.074,0.05,0.167,0,7.64,26.60875,1.071,1.4,9.98,435.4,70200050801,8,-95.04376549,45.30992673,1.315704757,3909,382.6681,16.76830517,6591.390169,0.2053267532,105.1057348,11.0719323,16.9722614,3.838093137,48.74315519,0,0,0,35.27472305,0.7051383399,13.1424113,849.0850879,304.4363869
3945,2011304,0.0314,0,0,1,1.65,10.7,0.818,6,6.29,580,40302030301,5,-88.39471042,43.73209964,1.451799918,3945,135.8157129,19.65607345,2381.982345,0.2961826586,147.7443503,13.79763469,38.56767411,7.715207487,37.68399023,0,1514.376763,0,31.44161797,8.364507494,2.694110964,13196.29195,32.3650687
3991,2011062,0.107,0.15,0.301,0,4.83,8.8725,0.616,2.9,4.9,343.8,40500011702,4,-85.70365112,41.40356078,4.048828597,3991,4539.227418,16.49927929,4420.835759,0.226157687,113.4826116,21.10040829,55.25627304,11.89687767,52.22420812,0,0,0,21.34696198,5.47903123,1.215055369,5886.391212,1386.568186
4044,2011097,0.0221,0.08,0,1,2.69,5.07625,0.6,2.6,6.05,536.7,40500010803,4,-85.06577671,41.70854947,5.893954872,4044,3690.684376,17.32133111,3412.548919,0.2385124485,140.5344401,25.47560976,28.67804878,10.90127573,83.35602723,0,93.1,0,19.46369362,4.723555326,0.1223142451,3319.354934,762.2082874
4099,2011187,0.0323,0,1.0222,0,5.29,12.13625,0.484,2.2,3.77,320,40700040208,4,-84.83411998,45.41155376,2.771625941,4099,23326.58972,11.59558512,3194.594456,0.1612282368,158.7623598,6.092743336,6.908298291,13.27225629,87.84075395,0,0,0,1.14375031,2.516497391,0.1660576711,5504.624436,1391.750468
4137,2011220,0.0648,0.72,0,3.1,7.66,36.99875,2.376,2.1,7.98,728.2,40500011006,4,-85.06496655,41.60302551,2.510005206,4137,4408.730028,19.3763902,6621.011758,0.2965171586,115.0952107,11.39648836,66.75786035,10.91326896,82.38099405,0,75.853,0,27.34704399,1.995879822,0.1763320027,1932.50954,61.62249812
4180,2011083,0.0273,0.38,0.219,2,4.37,11.125,1.621,2.7,4.35,563.1,40500011703,4,-85.83072016,41.38955959,1.903776855,4180,1236.124514,15.24994475,4978.118969,0.2543992224,95.43697974,7.274978153,77.60704923,11.98861728,63.30796708,0,0,0,47.34935379,1.143943185,4.821330589,1862.155109,80.41653561
4251,2011244,0.0744,0,1.638,0,3.94,12.5,0.409,2.75,6.97,552,70900010503,5,-88.45429482,43.09936554,3.26477991,4251,1029.498,22.11022822,2634.009055,0.3100000024,157.2475284,38.85974117,15.88842253,7.850303883,72.06651853,0,0,0,10.53743744,11.55979379,0.1617242606,11111.09112,328.8437305
4298,2010739,0.0767,0,0,5.2,5.13,53.1,0.73,23.7,7.14,77.4,40103010804,4,-91.39365028,46.55925412,1.887207972,4298,160.6505573,18.45379222,3050.207776,0.1817442522,120.1586998,11.89007291,0.4486819966,14.49483614,79.27190385,0,0,0,0.9178950191,1.263917293,0.2582585447,1118.052438,42.89609449
4308,2011492,0.203,0,0,1,4.88,16,0.374,3.6,7.51,29.6,40302020504,4,-88.75887456,44.91060508,1.341500962,4308,37.94522391,9.089156627,2102.212048,0.150000006,114.1325301,9.85915493,20.89201878,10.99093211,95.1232302,0,348.7361453,0,3.750849724,0.1006367395,0.5269462361,349.481239,10.76998482
4381,2010470,0.221,0,0,0,1.17,4.5425,0.266,6.7,3.52,23.6,41505000602,0,-71.71572422,44.95570942,1.376932632,4381,1050.134224,8.445192137,826.1159022,0.4499999881,277.0115105,1.070022257,0,27.99777945,88.77679697,0,0,0,1.182299614,0.2955128541,0.2094851241,49.35883677,190.0901506
4433,2011039,0.0339,0.11,0,3.1,1.46,9.14,0.789,4.25,3.09,326,40302021808,4,-89.19113968,44.32364331,1.118309606,4433,10.39182075,7.619469027,2603.274336,0.1609734483,118.5309735,7.079646018,0,10.05566677,95.63266832,0,0,0,15.10659885,3.396578959,0.9641561204,9065.307868,5.662665716
4440,2011044,0.046,4.4,0.147,2,65.71,254.815,2.059,0.8,9.17,269.7,71000081302,5,-93.7429893,41.03382899,1.374712286,4440,135.1156,30.61185087,4939.966045,0.3558189123,45.13648469,23.10252996,67.04394141,6.99577784,12.3621673,0,70571.7228,0,20.10387802,2.314832772,2.189295116,3834.641553,5.367587507
4467,2010260,0.0561,0.18,0.607,0,75.4,92.4,1.12,1.25,8.53,591,70900020902,5,-89.25364778,42.96459068,1.293559178,4467,11565.54,19.29631279,2170.962745,0.3110847113,120.8981193,17.27027952,62.22841312,8.157731685,74.84876108,0,0,0,26.15886879,4.272685137,2.085462067,8097.873088,1296.10517
4594,2010382,0.0398,0.06,1.182,0,69.12,75.52,1.816,0.4,5.67,482,71000060603,5,-94.62991153,42.48536403,1.921388198,4594,852.0188,27.13676536,4780.076558,0.2334743522,48.11036235,11.80327869,84.41036489,5.113613734,15.9635164,0,11281.26826,0,79.86418152,1.876241122,3.457908736,1654.409899,183.1390487
4621,2010312,0.0418,0.06,0,0,10.93,35.17125,0.729,1.4,6.38,449.2,102300030704,5,-94.90590118,43.17120737,1.560771333,4621,973.6068,23.08772757,7780.467314,0.2415664619,75.22677106,8.986792279,76.54936732,4.190807845,28.61789235,0,0,0,60.57028961,0.7744972099,3.351769383,761.9173298,466.1653222
4656,2011412,0.163,0,0.61,0,18.6,23.4,0.588,0.7,16.1,18.2,70500010904,4,-91.27447646,45.35168339,1.128826986,4656,126.2881,10.79239766,2370.682749,0.1299999952,94.52704678,7.351891506,4.282655246,10.1313292,82.74426471,0,0,0,5.012633801,0.3784951803,1.143650814,922.0851027,43.65189118
4673,2011297,0.0678,0,0.152,0,4.62,10.6,0.187,4,4.16,228,70300050804,5,-92.56396151,45.31540439,1.290190102,4673,423.9166,10.56149388,3016.184804,0.2202441084,85.46383344,5.115686691,36.76501804,7.463689345,87.46295627,0,0,0,16.61902428,0.785597487,1.031655537,2334.367119,27.47346266
4674,2011072,0.116,0,0,2,5.3,15,0.241,4,4.48,89.3,40103010801,4,-91.34370447,46.58200534,2.935460246,4674,222.0120738,14.86222027,2489.848618,0.1299999952,110.2874068,12.63669502,0.0405022276,14.55176635,92.13951067,0,0,0,0.2281169593,0.2885073088,0.06142791387,178.4089191,114.4379074
4694,2011284,0.142,0,0.261,0,16.4,20.6,0.45,1.6,11.9,26.5,70500070201,4,-91.90126198,45.58080405,1.659997791,4694,454.8904,8.766673343,2922.387142,0.2700000107,130.9569397,4.51843044,7.590170432,10.28160276,67.64737292,0,0,0,9.1933918,0.5271470371,3.185281582,1299.737477,30.55997436
4714,2010632,0.0555,0,0.167,0,29.8,32.4,0.575,0.75,9.07,438,40302010102,5,-89.36395971,43.54617816,2.117596463,4714,2123.911027,15.37554453,2285.289239,0.1988616338,122.8727626,10.71852228,33.34604304,8.862820671,64.79390681,0,0,0,33.1065979,1.58009392,1.073017643,3720.287923,165.0312127
4763,2011018,0.0367,0,0,0,3.39,23.5,0.691,23.7,11.6,326,71200060202,5,-88.51729322,42.81312148,1.379709878,4763,137.6916,20.98430347,2290.57881,0.3100000024,136.3505559,5.101373447,64.74820144,7.957811952,86.74473068,0,0,0,21.51694107,1.784696271,1.023507642,5272.904057,28.32843932
4785,2010793,0.134,0,0.179,1,4.18,11.8,0.483,3.4,8.34,157,40301040501,4,-88.4747278,44.88919012,1.716314849,4785,420.8040216,9.861493997,1404.446198,0.1789155079,129.9973321,8.534759358,22.5026738,10.53627461,82.861929,0,0,0,8.070993423,0.293850663,0.6008874799,472.1182025,84.65598231
4804,2010501,0.0507,0,0,0,1.19,8.13375,0.186,5.32,3.17,80.6,10801060501,0,-72.70181789,43.45185706,2.294240232,4804,1856.39165,5.915003696,1115.139,0.2412394566,247.1750185,6.051789351,2.235476675,29.48544099,79.94579946,0,0,0,0.2022877038,0.5982825122,0.02521947485,667.063632,76.57092242
4900,2011038,0.0474,0.09,0.115,73.8,18.5,43.4,0.285,1.5,4.16,255,70700040205,5,-90.09250027,43.60666174,5.040554743,4900,7221.744,17.3245776,998.2755624,0.3126224642,117.3706928,6.404088246,37.88857036,9.568833015,80.91623268,0,0,0,20.26341438,0.5385562855,1.471482302,839.2898327,244.8460668
4922,2010768,0.237,0,0,0,15.52,33.35375,0.856,0.75,17.14,50.9,40103020401,4,-90.82876961,46.29357377,3.142690581,4922,3228.892335,6.102021416,1795.956301,0.182185063,136.8131518,2.856744705,0,14.160329,85.03649635,0,0,0,0.04316290841,0.09650965291,0.003965772161,34.03429798,91.95096875
4938,2011193,0.143,0,0,0,1.56,5.49,0.207,6.5,5.48,63.6,70500020201,4,-89.82869797,45.91582067,1.121503266,4938,24.1153,8.986577181,2059.577181,0.1299999952,186.5704698,21.80451128,0,13.4308197,100,0,0,0,0.05347049236,0.3299923898,0.0002781368474,748.2036637,14.40471075
4981,2011164,0.199,0,0,0,2.02,9.33375,0.175,3.7,3.15,111,41504050101,0,-72.26258613,44.62509177,1.988475551,4981,763.3947645,8.509036145,924.7733735,0.2907262554,274.803253,2.617307239,2.004244282,24.74014031,78.91873119,0,0,0,1.912757277,0.6078990401,0.8385693911,1271.638109,40.23082021
5006,2011013,0.0572,0,0,1,0.751,14.1,2.66,23.7,2.78,464,70600010304,5,-90.95912313,43.53718706,2.319573309,5006,1785.117,20.16243885,875.1017197,0.332262855,83.33067729,10.84774825,56.81073176,8.91098867,55.95943368,0,0,0,16.15711594,1.488087144,2.671450237,1930.352129,14.20086382
5160,2011140,0.258,0,0,0,3.95,9.83875,0.275,3.34,4.34,45.5,41504020305,0,-73.05255279,43.89089047,1.616294084,5160,137.4971698,10.56352023,942.4350603,0.2300000042,292.8012775,0,0.0653594771,22.2215315,52.18001497,0,0,0,2.015515327,0.4547705013,0.7534701166,1379.129796,42.26084947
5252,2010197,0.0475,0.1,0,1,1.79,11.1925,0.495,4.4,6.49,205.1,102801020603,5,-93.76883849,40.59967781,2.299697043,5252,424.0826,22.38735005,5712.811123,0.3271892892,73.9480916,7.52071383,4.71637986,7.314392673,35.63076619,0,0,0,16.24192238,0.3611845973,1.68633695,101.3424858,24.3474507
5329,2010338,0.0214,0.15,0,2,76.8,79.3275,2.546,0.5,4.43,454.1,71000020501,5,-94.65031225,43.1556993,3.65975397,5329,3148.589,25.6198085,6219.734231,0.2422020185,52.09087373,7.710781371,88.06358464,4.559219992,16.79815942,0,0,0,64.06265259,0.6477768876,6.082399681,971.5968278,371.9665993
5381,2011179,0.226,0,0,0,11.6,38.9,0.566,1,17,60.4,70500030301,4,-90.66046073,45.76449763,1.160854493,5381,884.603,8.913353721,2497.40999,0.2188355037,115.6312946,3.216612378,0.0101791531,12.50470332,98.72122762,0,0,0,0.07282891124,0.08729825694,0.008194987148,25.17636531,36.0370543
5414,2010637,0.0486,1.05,0.13,0,70.66,78.3775,3.838,0.8,3.57,370.6,70600040309,5,-91.90889065,43.17435042,2.166666949,5414,617.3338,20.09752187,1628.941254,0.3179737676,122.0220117,15.01457726,79.94169096,8.06237144,45.64599699,0,4103.812382,0,77.18365479,1.496328867,3.647220893,1492.094996,13.07076442
5519,2011128,0.16,0,0,2,4.18,10.545,0.168,23.7,2.23,166.8,10802010502,0,-72.61131283,42.74237234,2.319534073,5519,220.0219978,11.78958162,745.9954881,0.2790976306,308.9979491,4.634946678,0.9844134536,22.63218627,64.0625,0,0,0,4.988817692,2.535147545,0.38423562,2961.181825,12.47534565
5542,2011111,0.24,0,0,3.1,2.27,10.27875,0.301,3.4,5.72,52,10801030201,0,-71.81126065,44.44707254,1.638447521,5542,1583.683085,5.965755379,1129.503111,0.3199999928,236.0869243,3.405150361,0.1250639532,18.71025634,88.79508826,0,712.84,0,0.3404954076,0.5084365664,0.04829366153,1286.298316,89.45827028
5633,2010772,0.357,0,0,0,2.58,13.395,0.28,3.3,4.03,11.8,10802010403,0,-72.47251748,42.83415919,2.634791683,5633,382.5351164,6.814401141,1292.247386,0.2849245921,302.8612167,0,0,19.13354677,82.18591988,7.035012586,8263.44,0,0.2897402942,1.177619843,0.1139021697,3207.140259,14.04901278
5649,2011334,0.102,0,0,0,9.04,25.83,0.438,23.7,5.82,380.7,10700061206,0,-71.42351037,42.7716086,1.466511089,5649,1026.09027,9.513641548,849.7031319,0.2089555432,301.9649092,44.7864597,1.473296501,22.35577519,72.44582043,370.0500668,620730,8,2.369892597,23.63238843,0.00565154064,107693.094,16.24972933
5826,2011279,0.18,0,0,23.1,3.52,15.53,0.351,1.4,6.35,20.5,10400010502,0,-71.13444695,44.83985797,1.232544399,5826,289.2339142,9.175251256,1052.283291,0.2393079823,296.2691583,3.117206983,0,29.76094084,84.19243986,0,0,0,0.09738455713,0.3158269766,0.0154729922,187.9473681,16.81925859
5934,2011105,0.268,0,0,0,36.8,39.2375,0.669,1.6,7.19,50.9,10802020103,0,-72.10311031,42.73343043,1.282560069,5934,1205.40261,7.047539743,1305.115443,0.2099999934,261.2074943,4.448093141,1.171729234,23.30455812,91.56771381,8.498554383,0,0,0.8339805603,2.276446544,0.1917284522,13550.11764,57.01738722
5993,2011137,0.117,0,0,0,15.47,21.38625,0.433,1.55,5.97,81.3,10700060402,0,-71.24416133,43.3673844,1.697453487,5993,560.85887,8.014334582,1219.154423,0.2399999946,275.0133572,10.16704144,4.416961131,19.99609989,95.45454545,0,0,0,0.5962395072,0.5629255197,0.03256094581,1266.334348,37.01113362
6006,2011071,0.121,0,0,0,9.07,20.32375,0.371,1.25,4.12,15.8,10700010206,0,-71.75197781,43.87766813,1.417853878,6006,2303.659359,5.395773597,1296.129934,0.2110076534,247.6646765,1.147809792,0,24.21153383,80.77373974,0,0,0,0.2678122818,1.217212855,0.08930833974,1314.395306,20.1506479
6012,2011404,0.22,0.03,0,0,12.75,15.77125,0.293,2.7,4.69,33,10700060401,0,-71.30383293,43.48254039,1.430740507,6012,979.8618051,8.594564615,1282.088926,0.200000003,271.7400629,4.487061846,0.1835199119,19.98102408,90.40867389,0,0,0,0.5059897304,0.6954989971,0.03087441436,5583.070439,37.51327352
6016,2011224,0.0932,0,0,3.1,14.08,17.6775,0.225,2.3,3.23,63.4,10600020803,0,-71.09367981,43.83730736,1.900690738,6016,2737.120872,8.431942938,1358.187227,0.2208871595,281.3879631,3.678138251,1.43641324,26.54519735,79.0582404,0,0,0,0.2596288323,0.3750958295,0.01039731901,339.2869381,18.26793971
6034,2011358,0.128,0,0,0,2.99,6.0975,0.293,3.5,5.39,27.1,10600020401,0,-71.00889398,44.08643773,2.157775717,6034,1976.906007,9.191576832,1614.247944,0.2172491382,281.6933583,2.872882899,0.1183755236,28.984539,74.67532468,0,0,0,1.007860184,0.1650202766,0.02644385736,838.96905,68.238267
6065,2010211,0.0546,0.07,0,0,5.58,13.7775,0.453,1.7,5.14,287,102802020203,5,-92.64383934,40.17719092,5.108142315,6065,3567.557,20.42401554,3185.467507,0.3366069029,73.30335011,8.527483611,13.96369138,8.183897703,51.50541951,0,0,0,3.695113659,1.331194136,0.1052895744,2043.49124,234.8933227
6096,2011257,0.17,0,0,1,2,8.0075,0.279,3.5,2.95,89.1,10600020203,0,-71.13570148,43.9683604,4.311739663,6096,4793.398139,9.088521621,1628.719776,0.2201970453,262.6432911,9.378815486,0.2780021413,27.96286624,78.8647343,0,0,0,0.08695652336,1.723720696,0.002421466844,2767.315199,48.73600909
6181,2010216,0.0979,2.8,0,0,8.96,27.92125,0.58,1.5,5.73,188.5,71100040701,5,-91.15150023,39.33843603,2.983089476,6181,317.7484,19.36343051,2933.07529,0.3810444373,53.16926125,2.745542032,43.58901783,8.301346317,60.12288326,0,0,0,13.04429054,3.095778446,0.2452866683,5290.420311,17.1523497
6186,2010938,0.0809,0.15,0.122,5.2,18.08,38.1825,0.646,1.23,4.29,279.3,71100090101,5,-90.79359214,38.79850206,2.139745532,6186,233.8296,20.60378879,1740.510681,0.3799999952,63.56590085,89.80694981,1.66023166,8.543072395,87.20161948,0,15957.12974,0,19.36239433,10.37402294,0.3982442015,34578.16682,28.9168743
6199,2011226,0.0362,1.33,0.109,56.5,26.08,38.24125,0.761,0.89,4.7,212.5,102400120706,5,-94.49779458,39.41430868,9.840549698,6199,50714.01,27.22237471,3259.413856,0.3405383281,46.05088945,5.706518846,78.69477577,8.736724919,67.15830116,0,0,0,16.80648613,0.8631545523,0.4848028749,1274.331983,3160.132438
6239,2010694,0.12,0,0,0,2.26,5.74125,0.208,4.91,2.88,19.9,10600020605,0,-71.22307036,43.8395639,1.159550587,6239,330.885794,8.853869796,1479.446493,0.2060727839,257.3710534,1.765344921,0,25.80905856,88.96336014,0,0,0,0.418938458,0.8426235942,0.01693805665,942.6917598,51.0465587
6319,2010401,0.136,0,0,0,2.97,15.7975,0.366,23.7,4.62,18.6,10801030505,0,-71.89117155,44.04754946,2.131014949,6319,562.3991083,7.944200423,1152.619327,0.213733614,268.0845941,2.894147745,0,21.28050265,83.44654987,0,0,0,0.3447262645,0.4464525544,0.1243575161,817.7981943,38.69100548
6327,2010612,0.265,0,0,2,1.8,2.91625,0.149,4.6,3.67,26.8,10801010101,0,-71.20041377,45.2386656,1.494742222,6327,672.4431607,8.222857143,774.2108711,0.2965165829,330.9569338,1.69795693,0,30.19042636,100,0,0,0,0,0.1911192474,7.76e-05,15.89171987,93.38143239
6422,2011095,0.0538,1.03,4.04,4.1,50.72,58.55125,2.441,1.1,3.77,457.1,70801041002,5,-90.4026023,40.98825343,3.905341953,6422,1743.85,25.71622677,3370.842678,0.2804226018,48.25248581,27.47678019,68.48297214,8.948134239,35.30360531,0,0,0,56.38459778,3.280674673,1.424046834,1993.5735,45.05020584
6441,2010341,0.158,0,0,13.1,2.84,17.0125,0.395,2.15,6.08,140.2,11000020204,0,-72.21896595,41.92454355,1.90753861,6441,1013.758422,7.868610543,1293.661303,0.2351933497,372.4320384,7.609565295,0.3822562006,25.14984459,81.03986135,0,0,0,3.150050163,1.47426268,0.2185922515,9667.566092,21.39717232
6445,2011069,0.0205,0.414,0.543,17.3,3.15,14.6175,0.398,2.6,3.85,1197.2,71300051101,5,-90.14882591,40.51189949,9.765412481,6445,537.4399,22.28360958,2766.751214,0.3821413,65.58312406,6.144316089,32.66365311,8.597966682,48.7078762,0,0,0,51.74835205,1.630914733,0.3315242195,780.9806651,65.29126922
6522,2010223,0.1197,0.12,0,4.1,20.16,50.1725,0.771,0.9,4.46,544.5,71300060204,5,-88.38036883,40.20021563,2.554449001,6522,262.1287,21.54464286,3027.461882,0.3053571529,60.19848901,90.31593407,7.692307692,9.551648858,9.767075939,0.2389109999,7939.292216,0,73.08175659,3.015475786,0.05259124772,6215.192957,11.62580237
6573,2011106,0.043,4.29,0,3,3.27,59.466,0.878,3.8,4.81,551.1,71300030303,5,-89.7457123,40.63113605,3.167285902,6573,353.1174,22.21143583,2962.860229,0.3700000048,51.36620076,17.91613723,56.08640407,8.802622995,80.66616089,0,154.263,0,38.78883743,5.965226313,0.2002322723,9270.610053,18.21285115
6582,2010234,0.1809,0,0,2,2,15.0475,0.373,3.65,3.18,57.1,11000020206,0,-72.10974178,41.84080463,1.714625182,6582,262.4724935,8.608352145,1324.074868,0.2391008877,337.817532,3.122855182,10.43239533,25.45360159,77.2280874,36.55785307,31087.73603,0,2.672237873,3.687869736,0.1935414146,15234.05099,32.83974265
6635,2010306,0.0447,0.16,0.502,6.3,21.07,48.26,0.878,0.9,5.12,212.1,20402050103,1,-75.865098,40.11273156,1.449441568,6635,708.1928594,17.66320903,1592.732668,0.3129966825,124.6437763,9.513499745,55.19612837,20.76344671,83.48517873,0,1390.97,0,52.09981918,4.317621167,0.9397089786,25090.9362,57.12342973
6729,2010774,0.183,0,0,0,1.7,7.96375,0.175,5.9,1.78,13,11000050305,0,-73.48234181,42.02180759,1.629105952,6729,564.2739766,11.02800847,1485.182381,0.3100000024,365.2414916,1.54902587,0,23.02823646,76.43287098,10.0005989,4123.97192,0,1.271615505,0.9214177837,0.1197573906,2539.800162,63.09246159
6756,2010593,0.0646,0.42,0,0,4.84,9.42125,1.146,3.2,2.69,190,20503030804,1,-78.05806695,40.38020874,9.667283858,6756,235346.9665,19.56102587,963.587978,0.2839469003,184.1560197,6.334169395,21.95512189,18.21367931,38.06028834,0,54.95,0,2.48242569,0.5496330079,0.5167019781,1353.017053,3292.484788
6765,2011025,0.058,0.16,0,13.2,14.3,74.4625,1.07,2.7,6.78,535.9,71200011503,4,-87.76115306,41.39128043,2.033770134,6765,611.1581,25.87269509,3178.653489,0.349999994,69.96548163,41.47383935,35.19528371,11.36321024,27.87006707,0,168.128,0,64.70896149,6.023955235,0.2783836564,8966.147093,16.79285729
6852,2011021,0.1158,0.05,0.426,0,3.42,22.195,0.771,4.8,6.09,838.1,71200061104,5,-88.10331141,42.19768882,1.302484853,6852,125.9175,22.99323753,3468.333052,0.3434546699,115.7802198,91.79157744,0,9.896043014,88.84708412,0,5211.159,0,3.620804787,17.90134547,0.01162861805,34581.81516,94.34253427
6901,2010263,0.0459,0,1.003,0,3.34,22.345,0.944,3.2,12.52,536.5,71200061102,5,-88.22466406,42.31940732,2.425579435,6901,592.3224,20.53451979,2826.938631,0.2268803179,115.4907947,9.340826246,18.22600243,9.237579119,62.76952676,358.2946143,55781.808,0,28.84489632,12.35511986,0.4213649201,43364.28175,26.80727223
7086,2010935,0.111,0.05,0,8.6,4.48,22.70875,0.35,2.1,2.75,206.7,50100070102,0,-79.0522758,40.16164784,2.911014055,7086,2478.542449,18.11928538,833.6455572,0.3131914711,232.054323,8.943679872,27.5318639,28.05469787,54.37349738,0,3912.6,0,8.087684631,1.562290279,0.9621918033,4791.585309,17.22441226
7109,2011321,0.055,0.03,0.216,1,18.4,26.02625,0.444,2.4,4.45,56.6,51402040704,6,-88.27483264,37.6158841,2.510526093,7109,354.5785066,16.31997972,1177.943712,0.400000006,98.18306288,7.023326572,0.9381338742,14.48079978,49.55149215,0,0,0,19.67097282,0.5428910793,0.05403670497,120.868368,10.7672626
7269,2010929,0.181,0.53,0.183,1,1.95,6.79625,1.19,7.6,2.81,283.7,50100070103,0,-78.97624911,40.15816917,2.699743764,7269,20675.17413,20.20201474,819.8579998,0.3294380479,205.5149447,8.502126511,31.70699855,26.91546254,63.41805707,22.69285547,931.5222352,0,6.84108448,1.042986242,0.8163188169,2632.32333,355.1371227
7329,2010349,0.345,0,0,0,2.09,4.07125,0.189,5.74,2.46,64.9,10802070204,0,-73.04001006,41.88119305,1.461213904,7329,204.0674121,9.024914509,1118.641969,0.2389836456,335.0200293,16.48254529,0.7512152011,25.48229874,82.11206897,0,516.3607106,0,0.4782978892,0.9293518649,0.02438718186,5433.959288,99.3635189
7429,2010787,0.697,0,2.57,0,15.64,22.26875,0.51,2.4,3.22,337.3,11000051003,0,-73.20712215,41.42188975,4.283095568,7429,35889.75503,9.446091129,1228.67633,0.2296726781,298.3096541,16.30187582,8.221898484,24.73674683,85.21714922,0,100165.672,0,1.668679833,5.890785299,0.008989969536,38121.98925,302.5661288
7539,2010519,0.072,0,0.345,0,7.5,6.03125,0.518,1.8,3.56,454.9,10900040608,0,-71.46879732,41.78851674,1.221340779,7539,134.5527538,13.40641711,1221.772727,0.1408823574,157.3870321,92.31283422,0.2005347594,26.38815991,59.01551632,10.24836346,2785.394571,0,0.9944370389,31.9928145,0.04421806641,39796.37714,13.83784891
7585,2011487,0.131,0.03,0,0,8.48,13.31375,0.228,3.5,3.7,88.1,10100030302,0,-68.24156672,47.20652446,3.047413278,7585,19010.6907,16.59390162,886.1830429,0.2302380787,260.0907682,3.719151072,22.33005572,22.30818734,69.13609026,0,0,0,28.16456032,0.9170473892,0.04390232072,1181.103968,2773.710152
7593,2010658,0.174,0,0,3,10.59,15.32125,0.469,1.26,7.15,132.4,10900030203,0,-71.69112391,41.88334084,2.473988846,7593,1514.360832,6.10084445,1126.825848,0.2342742499,363.3888141,6.746314788,2.306229196,25.78771024,93.11355311,0,0,0,2.144917727,2.789693429,0.06546251186,5530.510193,19.9241382
7596,2010692,0.28,0,0,3.1,2.44,8.73625,0.348,5.08,3.05,143.9,10900050401,0,-71.48821475,41.43480197,1.99305221,7596,98.48364097,8.011554622,1385.461134,0.1208576639,207.3960084,78.46715328,1.186131387,28.558165,87.92359827,0,0,0,4.805049419,11.9154257,0.08389499552,14104.05445,18.00096359
7667,2011399,0.263,0,0,0,3.46,9.32125,0.313,2.99,8.55,38,10100060101,0,-69.9086427,46.05722371,1.476057998,7667,2379.673484,12.0055008,766.8653067,0.2419905237,311.3348231,0.8445370195,0,22.67072587,0,0,0,0,0,0.0166407439,0,0,78.38906549
7679,2010607,0.0991,0,0,0,1.71,11.6925,0.256,23.7,6.69,33.7,10300030703,0,-70.05433831,44.95802607,2.21944301,7679,20775.06812,8.968919265,1358.387093,0.216633653,267.0228975,2.330014644,0.6264784632,29.44283616,86.10954263,0,0,0,0.562851131,0.397603721,0.03102849643,342.9458785,165.0761659
7712,2011400,0.307,0.03,0,0,3.01,6.46,0.223,4.44,6.01,29.6,10300010303,0,-70.36482118,45.63452476,2.046514141,7712,8202.327494,10.60221183,993.5632236,0.207900806,294.9383972,2.041757735,0,23.24280937,100,0,0,0,0,0.2727935609,0,354.1612515,290.0077243
7812,2010457,0.255,0,0,1,1.6,10.55625,0.389,4.2,3.3,43.1,11000010602,0,-71.8752007,41.50787282,1.796595632,7812,135.2321246,7.438873626,1183.553571,0.2399999946,332.614011,1.611820013,0,28.11746954,73.82014557,0,0,0,14.65655422,3.780035269,3.745622976,7526.70448,38.87034335
7835,2010567,0.101,0,0,2,3.21,6.545,0.246,2.84,4.77,37.9,10600020503,0,-70.74640906,43.96728773,1.269192897,7835,118.4749579,7.643869892,1164.829024,0.2199999988,268.6213511,6.292645944,0,25.31659239,95.5613577,0,0,0,0.9228090048,0.2929862013,0.01204553101,355.2177232,27.64504268
7848,2010610,0.271,0,0,0,1.66,6.78375,0.324,2.9,8.86,27.7,10300020101,0,-70.76906302,45.39699709,1.64537005,7848,529.030432,9.513723459,1109.403591,0.2099999934,285.1085793,1.397886123,0,24.00936186,75.10373444,0,0,0,0.07437861711,0.2560015172,0,13.15946311,61.51194715
7854,2011088,0.287,0,0,0,1.09,7.57,0.258,4.79,3.98,44.5,10500030403,0,-69.52265928,44.21023236,1.691257492,7854,202.5211388,10.6065944,705.6156278,0.2199999988,259.0126468,2.709906708,8.973789427,24.4767578,82.29264844,0,0,0,2.145879507,0.5969783802,0.1286036078,2106.021697,29.90236457
8042,2010404,0.099,0,0,3.1,0.91,4.36875,0.244,7.55,2.44,61,10600010106,0,-70.52590817,44.04162159,1.766523425,8042,1518.825977,8.666233927,1042.50204,0.2074831131,260.5385138,8.60883991,2.96836118,24.91009046,96.13236526,0,0,0,2.148941994,1.164308577,0.02138697852,3925.260605,539.2761619
8291,2010601,0.251,0,0.111,2,11.22,23.7175,0.443,1.07,7.13,94.8,10900050204,0,-71.56460107,41.50221019,1.639934237,8291,279.7585141,4.885098165,1039.549083,0.3276214968,375.12327,10.39588027,1.223044738,28.47155459,86.7189201,13.80659,458377,0,10.08138084,3.203122112,0.1691048712,5052.687405,12.17148504
8335,2010571,0.349,0,0.117,12.2,35.64,37.78375,0.638,2.03,2.49,441.9,10900040608,0,-71.44656804,41.77438707,1.405111027,8335,52.13452304,12.35897436,1245.461538,0.1099999994,145.7401709,94.7008547,0,26.38815991,59.01551632,10.24836346,2785.394571,0,0.9944370389,31.9928145,0.04421806641,39796.37714,7.97607939
8378,2010609,0.192,0,0,0,2.18,6.555,0.219,5.15,4.57,25.4,10400010203,0,-70.95993555,44.74339794,1.840252044,8378,556.4008138,7.276656099,922.9953279,0.2300000042,257.8369765,4.056893486,0,27.59478921,99.18032787,0,0,0,0,0.1897334913,0,77.39396073,144.647854
10598,2011476,0.0638,1.53,0,0,57.12,133.13375,0.984,0.6,5.4,265.5,51201110704,5,-87.34723389,39.44668667,1.914833377,10598,727.7369769,16.74968695,1623.735788,0.3233691859,65.53744052,31.36818687,40.45235447,12.0845708,72.36997558,0,0,0,21.79626656,9.019670955,0.2304593609,24230.62183,17.10911304
10987,2010290,0.0929,0,0.124,0,3.33,8.5,0.228,4,3.43,207.9,71401040202,7,-90.92485451,37.94319406,2.566340048,10987,6799.85,15.65910808,2113.94117,0.3700000048,64.72362335,4.145825063,7.771602488,10.64103474,33.33333333,0,0,0,0.9620614052,0.2778668433,0.2119099444,619.6079651,83.355832
11168,2010460,0.144,0,0,5.2,1.45,8.48,0.283,23.7,4.26,25.5,10500021208,0,-68.22671292,44.8775434,1.792406173,11168,487.9816767,9.793578848,1113.315392,0.2199999988,263.9391879,0,0,30.77585665,85.24521153,0,0,0,1.063071609,0.4485506452,0.0004489708199,133.6359846,95.48832741
11172,2011289,0.149,0,0,0,1.27,3.315,0.158,6.37,2.98,20.4,10500020602,0,-67.69858828,44.76676804,1.980956669,11172,239.4148786,10.16354121,993.2481465,0.2288426958,264.8979503,3.595505618,0,29.17422916,92.68053856,0,0,0,11.57546043,0.2483586934,0.007555875538,0.582183451,83.94498733
11328,2010284,0.0773,0.72,1.051,1,96.8,97.533,1.303,0.5,4.49,231.8,20402050802,1,-75.68689698,39.42423184,3.813216475,11328,2358.953662,12.21025306,2060.547112,0.4223557084,170.2318283,11.28066227,65.60485255,18.22454453,78.59858068,0,1573.965,0,29.61076164,7.783069716,1.11199038,29017.54519,72.1545206
11408,2011362,0.168,0,0,2,11.2,19.7,0.369,2.5,10.2,12.8,40301040103,4,-88.53215894,45.24235132,1.25480974,11408,50.4682943,8.380357143,1742.726786,0.1800000072,105.0982143,8.035714286,13.03571429,11.13272176,97.86931818,0,0,0,0.3517725766,0.1834329258,0.02328831444,257.0443395,10.55170768
11440,2011049,0.0998,0.06,0,2,5.08,17.608,0.543,3,5.08,333.1,40500070210,4,-85.29971696,42.58953834,1.181918338,11440,31.09867896,14.14,5273.62,0.3700000048,185.6028571,0.8571428571,38.85714286,11.15351344,86.46799778,0,0,0,16.82299805,0.7990960452,1.497443626,3466.300853,5.641694004
13302,2010403,0.135,0,0,0,16.32,36.11375,0.728,1.4,6.47,443,20301030402,0,-74.53528449,40.92657188,1.651382326,13302,206.8109479,13.64886965,1351.162097,0.200000003,281.1390091,16.73913043,0.2173913043,25.13067097,95.29411765,0,83.12559728,0,0.1755392849,3.391262308,0.0002615845167,11571.46454,54.05777183
15007,2011281,0.06,0.07,0,8.4,19.84,37.7575,0.811,1.45,6.45,414.2,71300050704,5,-90.09169941,40.97783442,5.591677356,15007,41.82089,21.40339703,3474.104034,0.3956475578,157.5498938,2.972399151,0,8.731029384,54.68742434,0,1376.7,0,43.26769257,1.008850936,1.003522882,1162.591153,12.15911095
15124,2010893,0.0765,0.03,0,11,2.6,31.87125,0.963,23.7,9.13,343.7,90201030501,8,-95.61867996,46.26688054,1.503358187,15124,51.45781,18.93818182,6663.770909,0.1899999976,82.02363636,2.482269504,62.23404255,4.287650546,92.75621992,0,0,0,19.98171234,0.1731198945,1.482704899,122.5939084,14.87219087
16590,2010308,0.12,0.03,1.27,0,5.02,13.75125,0.504,3.15,5.63,133.5,41100020203,4,-81.31038116,41.17725374,1.610514302,16590,119.8869495,18.40417001,2914.915798,0.3300000131,201.2060946,3.614457831,14.90963855,17.15488406,80.55265643,19.25339265,258393.0993,0,15.70773411,3.673758823,0.2376622886,17053.82464,47.85032905
17452,2010880,0.22,0,0,0,19.2,28.7175,0.548,1.6,4.14,74.5,20401010601,0,-75.13149896,41.69492708,1.158607798,17452,80.10061554,14.9964497,1544.525444,0.3274747555,226.9278107,4.713804714,17.62065095,23.64610726,68.09232858,0,0,0,2.031279802,0.2815327476,0.6227304071,652.837792,20.42275164
17934,2010827,0.0532,0,0.102,4.1,115.2,203.05375,2.505,0.4,14.55,376.9,70200050101,8,-95.52222098,46.14893495,1.708878363,17934,1097.379,17.64028538,7877.505392,0.2498277701,68.75053924,4.256540638,68.39990158,4.336248954,69.24983728,0,0,0,23.97654915,0.2864961116,2.15892641,516.8390212,34.87592947
18395,2010342,0.151,0,0,5.2,8.07,11.54375,0.275,2.45,4.41,45.8,10802050901,0,-72.52697167,41.40946817,2.120888298,18395,457.245238,6.947624848,1233.397483,0.2396246757,278.8836784,2.593829829,0.3930045196,27.99557593,93.00906233,0,2558.528604,0,0.8265561461,1.928216219,0.06757143545,11530.35873,20.55840855
19195,2010407,0.0386,1.88,0,1,22.27,53.68,1.049,0.8,6.5,284.7,71100010203,5,-92.44214001,40.75713072,2.095103583,19195,548.3004,29.68632663,4584.795979,0.3503022836,38.82970593,7.737801873,84.80367997,7.841098488,49.12989058,0,6188.818778,0,41.03091049,1.758349224,3.437209238,3731.46991,29.38319452
19404,2010930,0.0737,0,0,23.1,54.67,142.1475,0.983,0.3,3.95,206.7,110100080904,7,-90.80307549,36.35095476,3.872886128,19404,88.81889,20.15955285,4370.131098,0.3799999952,86.68292683,2.743902439,46.95121951,15.64439465,59.43217666,0,0,0,46.89348984,0.2221859845,1.102643182,262.2217442,7.731115229
20300,2010885,0.0567,0.09,1.62,0,21.68,211.32125,2.448,3,15.83,852.4,90201030905,8,-96.04400247,46.22324173,1.244485016,20300,98.20438,23.22411953,6674.275347,0.2909898313,92.28815368,22.01665125,49.76873266,1.886533341,65.77064294,0,0,0,30.95900345,0.9358933128,2.370867507,615.6261663,21.75415527
20496,2011259,0.245,0,0,0,23.73,36.00375,0.588,1.29,8.79,42.4,10600021101,0,-70.60726375,43.77332206,2.275440343,20496,405.6535977,8.394460576,922.3783784,0.1543257689,264.014742,3.382287495,0.7120605251,25.25179466,84.32756795,0,0,0,1.948969007,1.061610867,0.01873757335,4434.252919,27.13902225
20606,2011177,0.054,0,0,1,5.77,1.00875,0.373,2.6,3.36,394.6,20301030205,0,-74.24799948,40.97365446,1.408501542,20606,299.7710106,13.64652756,1310.042666,0.237133872,259.3195266,50.28451632,0.2395926924,25.44678989,63.67583213,0.9308129339,6246.7209,0,1.241758466,7.427614031,0.01923551202,42124.51318,172.9789893
20969,2011318,0.0652,4.19,0.145,0,76.96,70.2225,0.988,1.3,5.71,164.6,51202070505,6,-85.70438215,38.69736003,2.347915613,20969,123.8510393,16.46822498,898.6355004,0.400000006,82.88312637,2.775748722,43.60847334,15.82544865,35.20544741,49.25927086,20614.3,0,27.31824875,2.243176616,0.1053565743,7804.068671,6.561220008
21110,2010847,0.0423,0.07,0,1,20.16,101.75625,1.209,1.5,6.65,651.9,70200080503,5,-95.37601677,44.05347596,1.227271338,21110,201.3073,28.63457854,6211.988985,0.2583355684,78.41187739,6.693440428,84.47121821,3.154871512,17.49049093,0,0,0,52.62071228,0.7254983617,3.255875002,923.5936093,51.89272002
22070,2011333,0.0561,0.95,0,0,8.51,57.5175,0.89,1.2,5.87,255.2,51202040705,5,-86.03645543,39.39488253,1.969776822,22070,173.7705424,17.52734778,1583.953044,0.3700000048,50.04179567,6.656346749,29.46336429,14.27964484,8.857220168,0,0,0,48.10235977,1.638878826,0.4067579923,436.3610089,6.129778748
22156,2010635,0.139,0,0,2,3.62,18.9875,0.613,3.2,7.54,53.5,70101010302,4,-95.05471021,47.15983679,1.416510419,22156,47.98778,12.73120301,8002.783835,0.1899999976,103.7988722,0,0,4.652009872,98.48308051,0,0,0,0.7606624961,0.1135634105,0.00973304602,127.0890084,6.70221983
23383,2011383,0.148,0,0,2,3.26,8.39,0.189,8,4.41,11.2,70700011303,4,-89.48299222,45.43757816,1.535984149,23383,13.0165,7.539823009,2002.902655,0.1700000018,163.300885,0,0,12.05051938,72.12618842,0,0,0,0.6142293811,0.1339864954,0.05405654697,154.1723218,8.443491626
24061,2010184,0.0997,0.04,0,0,2.74,12.9225,0.52,2.8,5.29,227.6,40601021001,4,-86.14412068,43.37333348,1.26441521,24061,49.04132397,4.5,4507.854369,0.1599999964,165.1383495,17.99628942,0,14.47091176,55.01692456,0,0,0,6.523850918,1.157268178,0.9369015308,5679.258597,23.90867453
24830,2010590,0.0416,0,0,33.1,3.89,19.205,0.416,23.7,4.41,265.5,10900040103,0,-71.13432573,42.10670341,1.219410063,24830,50.73313134,8.186170213,878.3599291,0.2051773069,335.3315603,68.61702128,0,23.86104425,70.81467447,83.32187572,40849,0,3.596607685,14.54117743,0.08199088283,56295.04828,4.446868706
25658,2011195,0.0519,0.3,9.25,4,136.08,464.01375,5.375,0.19,19.63,2080.8,90201010302,8,-97.00269337,45.91802974,1.712315989,25658,1429.207,25.78430237,6985.400116,0.2700000107,78.59525016,2.659775621,74.25942266,1.008331216,99.99591737,0,0,0,71.54090881,0.271460865,0.9119957872,83.17503243,11.79708801
25760,2010196,0.0384,0.11,0,0,2.88,25.2025,0.691,3.3,6.43,198.3,102801010908,5,-94.0297346,40.31635026,2.417258754,25760,275.0548,27.44054514,4521.837819,0.3445862034,50.77921635,4.056264311,66.01243049,7.376532415,67.80144736,0,0,0,10.70602036,0.4912268389,1.545767608,125.9138951,30.76740718
25821,2010734,0.166,0.06,0,3.1,8.53,28.675,0.688,1.4,8.12,27,10200020108,0,-69.0007466,46.16806339,1.430892435,25821,398.0112749,11.24612079,791.8221533,0.2484589185,306.1618525,2.398732745,0,24.09828781,0,0,0,0,0,0.07055769953,0,0,49.08212471
26136,2011033,0.126,0,0,7.5,2.86,8.91875,0.456,2.4,5.14,63,40700050101,4,-84.09601611,45.24774083,1.166420269,26136,40.54767821,8.966517857,3397.785714,0.150000006,164.7544643,1.785714286,0,11.4487361,96.81208054,0,0,0,0.0064404984,0.262520342,0.0004355374283,52.56842562,4.342319815
26259,2010821,0.696,0,0,0,1.56,5.03,0.183,6.8,3.19,41.6,41504010102,0,-73.5894491,43.45535569,1.75219315,26259,156.3323534,8.907374631,1120.015929,0.2118559022,292.6053097,0,0,19.23738791,77.25752508,0,0,0,1.110105634,0.7064847692,0.1851348052,1164.530346,16.91764217
27757,2010853,0.0436,0.24,4.67,0,137.6,460.86965,2.434,0.3,6.95,250.8,102400120102,5,-94.39955444,41.06398732,1.935801091,27757,244.4427,30.75521822,4907.482353,0.3199999928,54.19013283,5.663847003,86.46561236,6.515126938,6.240435456,0.052106474,28585.0203,0,41.66656494,1.835373946,2.08107941,6699.906297,42.40726208
28071,2011064,0.229,0.03,0,1,4.94,19.80625,0.538,1.1,12.64,18.4,40301100102,4,-87.99898498,46.44067451,2.698935728,28071,484.1881302,8.067736518,1431.298003,0.1981286113,180.58649,4.082013048,0,15.78171649,93.29268293,0,0,0,0,0.3656320721,0,141.649517,21.06423873
28172,2011006,0.1475,0.07,0,8.4,4.12,16.73125,1.234,23.7,13.37,82.3,41000020103,4,-84.14847069,42.17789624,1.65237071,28172,157.3951059,12.81299886,3415.510832,0.1800000072,185.6647662,5.416191562,18.41505131,8.030700594,87.04433498,0,0,0,16.69661713,0.6132393565,0.5445288877,954.6136178,9.576942445
28694,2010697,0.0422,0,0,11,4.79,21.22,0.379,0.87,3.38,160.2,80202020209,7,-90.58661453,37.64951902,1.681098508,28694,279.672,16.11410923,1933.842653,0.3799999952,58.64369311,23.44451572,14.94547787,12.83497891,96,0,0,0,1.702132583,0.2784412265,0.1952311577,781.861894,65.97446102
29033,2010707,0.0782,0,0,3,30.72,50.275,0.619,0.7,16.74,33.7,20401040605,0,-74.99926034,41.20440845,1.487673543,29033,4736.859216,9.512126919,1390.613765,0.2981740342,301.5100154,4.964552487,0.0323114059,28.34290381,78.48101266,0,285.01,0,0,0.6101766418,0,3051.687026,48.530777
29616,2011466,1.13,0,0,3.1,7.86,31.1,0.59,0.2,25.5,33.9,70700010906,4,-89.697505,45.65040026,1.101637025,29616,91.20101,10.92557652,2929.332285,0.1636967327,124.730608,7.234886026,5.946481665,12.71824055,98.92963678,0,0,0,2.734441042,0.4011721478,0.03831841556,755.6226735,15.15899669
29669,2011234,0.0801,0.06,0,26.2,32.97,303.07375,0.828,0.7,11.05,255.9,71200011007,4,-87.1833993,41.43600004,1.186288023,29669,118.8947,16.24962179,3607.131619,0.3700000048,108.8827534,9.077155825,31.69440242,12.56355751,28.02237073,0,3787.732212,0,54.25582886,1.432862016,0.3772302836,4520.74904,4.637841361
30086,2010279,0.275,0,0,2419.6,3.9,60.2175,0.435,0.6,9.29,74.4,20402020103,1,-74.5710536,39.97066982,3.72580265,30086,5002.84491,8.011859143,1625.017907,0.1916547669,191.3781487,30.23657462,1.426643879,21.40176024,79.98010092,0,0,0,4.835852146,5.275286485,0.03404195174,25492.30522,49.61646877
30712,2010366,0.0309,3.2,3.01,4.1,55.29,161.02875,1.521,0.41,7.65,146.2,71100080307,5,-91.24738089,38.84165474,1.540187277,30712,314.9239,20.47598628,3410.306461,0.3780017104,56.94025157,2.830188679,76.1292167,8.371402653,63.63070921,0,456.8599405,0,27.45360374,0.807298768,0.8844613551,1110.001957,4.184484872
31064,2010417,0.121,0,0,0,9.04,29.745,0.926,0.77,7.35,270,10900050401,0,-71.5138213,41.45032882,1.339785436,31064,142.9956997,5.781348456,1262.250158,0.3199999928,292.3453056,56.26969124,2.583490863,28.558165,87.92359827,0,0,0,4.805049419,11.9154257,0.08389499552,14104.05445,5.224299056
31915,2010643,0.035,0,0,13.5,8.53,35.94125,0.938,1.1,10.75,377.5,90203050401,8,-95.68473708,47.48073543,1.180482984,31915,48.56549,21.0537037,7267.314815,0.1800000072,86.44074074,5.185185185,10.55555556,3.988862461,94.1554271,0,0,0,12.17078972,0.419931374,0.08193251423,605.1815255,8.114515576
32472,2011419,0.2,0,0,2,5.17,9.9325,0.204,2.7,4.6,20.8,41504060101,0,-74.3947933,44.35177781,3.248689908,32472,967.2755916,6.046757612,1393.472914,0.2098826641,258.1911823,0.018623708,0,24.28076467,63.75404531,0,0,0,0,0.0515707915,0.001592225431,58.5150552,139.3427003
33239,2010209,0.0853,0,0,0,3.67,9.505,0.329,2.7,4.08,140.7,20700030702,1,-78.59746955,39.13382376,1.616513417,33239,2608.032858,19.95243034,1466.041451,0.2451908715,207.5557284,2.851028579,5.173961066,12.39538959,55.60526316,0.4979013392,593.7,0,2.852902651,0.3318853306,6.297082706,1242.351596,17.20759407
33703,2011473,0.0948,0.03,0.776,1,3.74,27.02625,1.103,23.7,12.57,820.8,70200020204,8,-95.81949625,46.1016418,1.481004705,33703,70.1122,25.29640719,7264.435629,0.2300000042,94.80538922,4.853128991,71.64750958,2.956536641,76.30015155,0,0,0,35.28260422,0.4964071119,1.79416567,251.577,22.4677977
34408,2010809,0.235,0,0,36.4,5.45,16.705,0.693,2,14.26,378.4,40700040205,4,-84.77029758,45.63681693,1.170319525,34408,1501.985096,19.19298246,4378.575894,0.1517633631,138.0966409,4.975749955,25.91461589,12.27110458,78.46190935,0,0,0,1.726605177,0.7432134166,0.2498062677,853.8306861,5.507414851
35671,2010550,0.143,0,0,3.1,3.07,12.475,0.551,4.25,10.65,142.7,70101050301,4,-93.99541257,46.84591175,1.667420685,35671,131.5729,10.15017794,5551.512456,0.1742611669,101.7572954,5.429553265,0,6.351719828,99.38080495,0,0,0,0.1099797413,0.2541145935,0.03268519876,265.3682722,24.56526553
35698,2010595,0.125,0,0,1,5.1,33.565,0.661,23.7,6.97,55.6,70101040601,4,-93.95694156,46.43751628,1.591424215,35698,327.9,12.06464306,4023.960933,0.200000003,100.5857223,4.236588721,7.097661623,7.310271689,98.59813084,0,0,0,3.028934479,0.4015623761,0.5552324302,946.0926635,94.25900854
36032,2010892,0.0146,0.11,2.23,8.6,8.64,46.85875,1.261,1.8,11.24,213.4,90201030103,8,-95.65417613,46.97471026,1.456863038,36032,1000.141,15.539567,7411.703994,0.1393117411,118.5691489,0.5398110661,2.94197031,3.534095582,96.14035088,0,0,0,0.559397459,0.08376170692,0.136845198,45.34168001,742.6191476
37764,2011260,0.0584,0.91,0,111.9,85.6,167.74,1.708,0.4,4.89,355.6,51202040108,5,-85.56325875,39.77804777,1.7993873,37764,1387.411366,22.28629764,3087.153098,0.3631378127,62.81559502,4.10941146,84.45683173,13.45613779,13.90320311,0,4571.1303,0,63.31230164,0.9885232156,1.477279793,3146.838427,8.368630941
39362,2010315,0.107,0.08,0,1,1.25,4.6175,0.18,4.9,2.7,207.6,110100080309,7,-91.26203769,37.38842971,1.945087343,39362,685.8921,12.18678726,3846.893826,0.3700000048,71.16961594,5.151395989,0,13.3458421,100,0,0,0,0.6225832701,0.1936241094,0.02345949146,459.4725221,8.347792569
39709,2011384,0.127,0,0,1,2.55,10.81125,0.806,4.6,6.4,170.3,40700070204,4,-84.34744661,44.92040534,1.266125435,39709,1974.238658,8.459476707,2811.635427,0.1707808387,143.0571155,5.219254262,0.9207767345,12.0790346,91.82132746,0,0,0,2.070903063,0.8239478364,0.1379239012,1036.303967,4.731341305
42608,2010578,0.12,0,0,0,1.06,11.22625,0.275,23.7,2.69,139.9,10100080102,0,-68.86701364,47.10608819,1.66873534,42608,412.4813261,15.34723739,868.5330858,0.2700000107,336.0487006,3.135205748,0,21.39850282,57.8396072,0,0,0,2.15168047,0.3306476767,0.003396387033,331.9613719,14.81027155
42647,2010661,0.0789,0,0,3.1,9.68,23.155,0.504,1.6,5.08,33.6,10802060201,0,-73.13718724,42.31286688,1.961546394,42647,502.027884,8.027877698,1275.392266,0.2300000042,327.6332734,3.149606299,0,29.03257925,91.15191987,0,0,0,1.100464702,0.3946574639,0.02593161134,1834.561361,62.16970664
45988,2010558,0.103,0,0,1,1.43,15.09625,0.441,23.7,6.88,187.1,40601060504,4,-86.48299985,46.14475691,1.105941761,45988,35.59119936,8.248120301,1750.81203,0.150000006,157.1829574,16.79197995,0,16.2288518,100,0,0,0,0.00621464802,0.603360999,0.0003635723284,30.86840066,5.097198555
46742,2010560,0.579,0,0,3.1,15.98,47.71125,0.625,2,5.98,145.7,10900030204,0,-71.58477288,41.99405464,1.755736206,46742,848.3015193,7.121293801,983.2098113,0.203987239,329.1706739,20.35087719,4.529505582,25.50642589,90.65292096,0,0,0,2.276954412,5.998211807,0.0795110586,9811.2458,26.10322118
48446,2010732,0.186,0.1,0,0,6.2,10.88625,0.353,2.7,4.83,8.1,70500020203,4,-89.86424246,46.05035297,1.822069506,48446,125.2154,7.208469055,1781.162866,0.1098992075,153.5415309,4.391648668,0,13.78066982,23.17405298,0,0,0,1.177294612,0.2611544289,0.002944046385,228.2684222,10.17456982
49986,2011462,0.222,0.04,0,0,15.32,47.21,0.72,0.7,6.77,15.9,20401050102,0,-74.89084504,41.10713004,1.949872874,49986,38.47611133,11.71693736,1165.545244,0.25,313.25058,0,0,24.59026678,75.23253847,0,0,0,2.02088213,0.6259421202,0.1027694844,7017.565341,7.023889444
50112,2010733,0.0469,0.14,0,10.9,4.84,17.405,0.629,2.5,7.81,537.1,40400010508,4,-87.3005744,41.55907922,1.706354987,50112,176.1771877,21.41152263,2648.833333,0.1968184221,78.14866255,90.84398977,0,12.63214261,87.44394619,0,0,0,3.168738365,28.80860818,0.03076317947,40951.18684,14.34421612
50137,2011120,0.0491,0.04,0,20.6,26.72,119.33625,2.004,1.2,9.56,543.2,40500011204,4,-85.65809977,41.71664861,1.429791765,50137,307.1777067,15.05941176,4133.302059,0.2399999946,93.51941176,2.676470588,61.5,11.98056041,63.1092138,0,4179.916107,0,50.6128273,5.476536149,3.473328968,5681.417947,6.933554592
54020,2010488,0.08,0.04,0,1,5.15,5.75625,0.338,0.57,5.14,128,110100100302,7,-91.88282189,36.65970488,1.480428023,54020,402.9113,15.1761064,1961.359321,0.400000006,56.36161431,4.668304668,54.1433996,14.31147058,62.8992629,0,56.0734881,0,17.43270683,0.4324425584,0.5778004547,1402.046862,22.06421428
54042,2011206,0.13,0,0,7.5,3.58,22.37,0.466,1.46,5.6,23,10200020301,0,-68.76879054,46.10479825,1.406005715,54042,66.9184242,10.60555556,804.3055556,0.25,263.9777778,4.054054054,0,26.32263216,68.42105263,0,0,0,0,0.07452309714,0,0.396903624,15.76413381
54404,2011255,0.107,0,0.12,1,2.43,17.93625,1.044,2.4,9.99,482.5,41000030404,4,-84.90934446,41.52633302,1.715003163,54404,195.1279623,20.85925926,4550.851852,0.3067314873,103.2060185,10.13888889,76.94444444,10.68993469,65.1653765,0.3872441765,1352.1,0,39.89568329,1.396969745,0.3475425644,1668.410529,6.708784668
55469,2011158,0.0088,0.08,0,0,5.84,14.315,0.565,1.1,4.18,998.4,51201111507,5,-87.35209905,39.06242114,2.816346741,55469,2062.782927,17.32442193,1329.587668,0.4179212894,82.43206342,6.801029534,34.12729573,13.44636952,75.52584061,0,1037.10333,0,31.49271393,1.101159689,0.3426380548,1209.922499,42.08188801
57106,2010626,0.239,0,0,0,2.78,12.25125,0.428,3.5,4.79,11.8,10802020205,0,-72.28192382,42.51021119,1.415595464,57106,37.60606024,10.04255319,1727.218085,0.1800000072,253.4335106,0,0,22.71411725,90.81032947,0,16586,0,2.476555586,3.62975611,0.1782585829,9254.309013,10.52733246
57244,2010365,0.0283,0,0,0,9.12,17.36,0.46,2.4,3.09,354.4,20402010404,1,-74.78952461,40.15665147,3.307716483,57244,323.4166681,15.03098982,1450.461147,0.195190712,171.7113784,25.37313433,1.464897734,21.17672702,64.0625,2754.205221,1130443.364,1,3.629319429,24.67900184,0.02574062182,28662.18098,565.1872287
58308,2011042,0.0754,0,0,5.2,2.42,41.9225,1.991,3,2.14,170.4,20700040403,1,-78.34014356,39.18673971,1.181608034,58308,204.6540775,17.78806494,1682.032032,0.3256823292,174.4523914,24.3966652,0.4826678368,12.54455936,38.49588391,0,78.34365,0,2.324461699,1.032004158,0.1174010783,5384.746479,5.977725368
59464,2010311,0.0573,0.73,0,5.2,4.26,13.61875,4.45,3,5.28,534.8,40500070301,4,-85.11576,42.7841545,1.471822384,59464,4617.349123,19.06216063,5277.385627,0.2852191593,145.7970713,6.769878719,79.68841399,10.60758063,45.60011807,0,0,0,35.77434158,2.674957529,3.99013483,3693.435236,39.07637563
59729,2010596,0.15,0,0.968,3.1,5.15,19.5675,0.56,3,4.93,103.9,70101040505,4,-94.12351393,46.42891042,1.210561787,59729,40.68068,14.1682243,3564.747664,0.1988105756,105.838785,0,0.4405286344,7.05646934,99.63592233,0,0,0,1.893591762,2.923810187,0.3495213338,4762.173368,9.739325736
60174,2010513,0.145,0.04,0,2,9.68,27.94875,0.551,1.64,10.64,44.7,10500021801,0,-69.15067044,44.4388471,2.706613624,60174,2640.632708,9.600245457,843.8146456,0.2187935043,255.0184434,2.277298606,7.121671837,25.2356916,80.11550493,0,0,0,5.221447945,0.9663547165,0.4336657616,2301.807,32.64681234
61820,2010602,0.0439,0.25,0,2,9.44,182.55125,2.188,23.7,21.41,2426.5,70200011005,8,-96.46330547,45.08791274,1.478936139,61820,61.83488,24.38616715,4328.440922,0.2700000107,60.88760807,1.44092219,73.4870317,1.404283305,27.21283418,0,35.56405621,0,56.07081223,0.3726450935,1.19821108,286.371322,13.01511846
62304,2010852,0.248,0,0,52,0.71,3.84715,0.209,6,3.99,6.9,20200020203,0,-74.43367884,43.23381659,1.940885197,62304,89.36806246,7.640562249,733.2650602,0.2496787114,282.8293173,0,0,29.98899773,38.63636364,0,0,0,0.002624485409,0.01837442476,0.0001217562911,20.44723926,8.495087496
65238,2010830,0.0623,0.05,0.897,1,51.2,93.97625,2.73,0.3,18.78,852.4,90201010401,8,-96.13235835,46.12739033,1.013149135,65238,94.85877,26.37360406,7044.507614,0.2599999905,81.16548223,1.138519924,53.98481973,1.774225163,40.45427274,0,0,0,40.78038788,0.2890287005,1.715545256,118.764769,8.621234564
65328,2010262,0.0333,0.26,0,344.8,19.52,83.0125,0.969,0.35,5.81,198.3,102901050104,7,-94.20720161,37.80796569,1.72347108,65328,90.42465,21.58192651,1549.245283,0.326305872,65.27904667,1.191658391,84.90566038,9.431804334,47.54863508,0,57321.28735,0,21.021492,0.5096693304,0.8797313065,741.285446,9.125349616
65775,2010839,0.177,0,0,18.9,6.22,29.9525,0.501,0.5,16.12,24.4,41503070102,0,-74.06532405,44.73601355,2.701850446,65775,1874.029186,5.656072972,1398.352088,0.2064479085,285.0773884,0.4656745079,0,21.62340754,91.28919861,0,0,0,0.005259086378,0.07286556577,0.001114922885,273.4342291,19.34584678
65818,2010563,0.0652,0,0,93.4,5.71,30.965,0.519,0.9,3.27,213.4,50302040204,6,-82.47391012,39.65359789,2.701361565,65818,630.0616811,20.33103051,937.6929977,0.3608344184,132.7973518,13.94484926,18.73124732,14.18399393,61.89096994,3.325377585,27671.84419,1,8.411193848,0.568609203,0.1612160378,4711.603149,45.53702543
66408,2011302,0.118,0,0,1,4.05,26.4875,0.45,2.21,6.66,41,10500030202,0,-69.28798105,44.06854977,1.459662134,66408,318.8996711,11.58019281,916.9900672,0.2201270816,254.3309962,2.5416549,17.87630613,24.65219239,75.54240631,0,0,0,2.306895256,1.05455302,0.04348424838,1653.505939,33.96032732
67470,2011359,0.541,0,0,4.1,10.8,15.37875,0.448,1.4,10.95,19.1,10500021004,0,-68.07813087,44.65512136,1.561986774,67470,1041.918903,11.36685931,898.3869576,0.2157137919,247.34978,0.0517553696,0,28.98855256,97.87613045,0,0,0,1.881719589,0.1233989112,0.0007185969369,94.34171499,14.17162643
68377,2010764,0.039,4.26,0.301,25.6,80.8,347.68625,2.148,0.2,11.62,289.4,102801010903,5,-93.94933438,40.48296815,1.71985949,68377,1201.749,29.84957342,5392.894627,0.3353929064,45.34351145,7.985331537,82.19577908,7.233821451,21.53965092,0,2329.205625,0,19.68268585,1.800903576,2.029790276,2852.543012,12.58531385
69323,2011467,0.0853,0.04,0,0,1.67,10.95875,0.483,5.3,4.86,260.9,90203020900,8,-94.91191227,47.86111745,1.119004495,69323,122.6104,16.08291032,5144.29357,0.1400000006,148.4966159,3.831982314,1.473839352,5.219288717,97.73828756,0,0,0,0.01072941069,0.53572322,0.001648298741,3236.319212,26.70955761
69499,2010389,0.314,0,0,0,16.34,15.29875,0.37,1.72,8.52,77.3,10802070203,0,-73.11848675,42.16658425,2.031051768,69499,265.5220511,7.282539683,1181.459259,0.2300000042,295.924515,3.558115893,1.592680447,25.21702958,87.85656072,0,0,0,0.4553331435,0.2342790025,0.06963249906,647.0241073,28.2558766
70068,2010701,0.104,0,0,0,40.96,138.71,0.944,0.5,16.84,55.1,70101040601,4,-93.93328672,46.43539345,1.081653311,70068,246.7374,11.7020423,3822.906273,0.200000003,93.91794311,0,6.382202772,7.310271689,98.59813084,0,0,0,3.028934479,0.4015623761,0.5552324302,946.0926635,4.262599083
70723,2010922,0.401,0,0,0,11.25,22.8925,0.501,0.9,13.31,18.9,40301070104,4,-88.08191314,46.59378485,2.419366909,70723,444.7464646,7.566721923,1495.626813,0.2399999946,188.2088686,1.47683593,0,16.83411328,85.41666667,0,0,0,0,0.1068460545,0,1.183209444,41.18352978
71481,2011182,0.203,0,0,1,5.07,14.585,0.524,23.7,13.11,20.8,10100040505,0,-68.27594372,46.474765,1.409764679,71481,245.8416638,12.86260103,572.6594416,0.2456208663,257.8552535,3.563556209,0,23.96462273,99.23237962,0,0,0,0.8710379004,0.07461912256,0.001543360587,12.58523671,16.27832532
72132,2011406,0.0078,0,0.143,2,8.55,9.39,0.375,3.7,6.27,38.6,70300020405,4,-92.17965918,46.03362351,1.38095162,72132,105.4457,10.52039691,3104.599779,0.1299999952,107.415656,8.873720137,0.1706484642,11.99327844,100,0,0,0,0.1646729261,0.2677032338,0.001242810224,205.7501812,11.6942703
72372,2010790,0.25,0,0,5.2,4.6,5.975,0.418,3.7,6.64,87.7,90300010505,4,-91.30488603,48.04940258,1.852777515,72372,35.67785,18.9721519,1171.21519,0.2361265852,233.7949367,0,0,11.37785277,0,0,0,0,0,0.05765616878,0,1.525428904,12.36214813
72724,2010557,0.413,0.04,0,0,3.95,7.3275,0.35,4.2,5.43,17,40301060105,4,-88.83062228,46.15151256,1.514162703,72724,194.6029442,8.361788618,1770.783537,0.2700000107,161.9314024,2.768804799,0,13.930832,56.93160813,0,0,0,0.1171096191,0.1254560519,0.007997992268,42.60270015,52.82886937
72832,2010978,0.0414,0,0,4.1,1.65,12.51625,0.648,3.8,8.99,589.3,40900030102,4,-83.3104621,42.74514044,1.289441082,72832,648.4026521,14.67038172,6015.079688,0.1800000072,169.809557,34.13348134,6.92382406,10.30960556,89.03605592,0,0,0,0.7180550098,13.89803,0.0001806788404,22749.8948,11.88310803
73599,2010585,0.213,0,0,0,5.03,29.745,0.705,23.7,5.89,556.4,10900040302,0,-71.20073938,41.98669033,2.197334893,73599,4823.080738,8.236672492,1150.947817,0.1898014673,272.7799951,50.20338857,1.724137931,24.85876119,82.05419439,94.73764643,15714.44,0,2.08075738,15.79162027,0.1063496448,37948.55831,192.0301459
74461,2010785,0.0492,0.12,0,0,46.8,196.6125,2.329,1.5,19.38,1969,90201020301,8,-96.44246847,45.4880993,1.113762446,74461,99.85732,29.18172485,7189.626283,0.2600178636,84.26591376,3.842716711,84.62913315,1.608736695,26.98464661,0,0,0,46.43679428,0.790199805,1.11053924,686.3962266,24.55980366
75100,2011274,0.0766,0.09,0,4.1,17.37,28.41375,0.511,1.2,4.85,68.1,51201130804,6,-87.98001775,38.04923101,2.764287514,75100,31.12428289,17.81686047,1079.927326,0.3600000143,112.9767442,4.069767442,0,14.08059153,51.45007851,0,0,0,46.55506134,0.3964512493,0.3884954659,178.055206,4.100166661
75113,2010874,0.0629,1.13,0.262,32.3,284.4,954.315,3.043,0.3,12.01,290.7,51202020704,6,-86.99510863,38.73886418,1.5689093,75113,350.2872401,17.44470105,1214.165255,0.3948216595,88.2350526,6.569155761,82.83294842,14.6685409,34.23298586,0.006733063302,12.24474665,0,80.59152222,1.057810411,13.02508562,1584.761041,9.516531198
75353,2010675,0.0438,0.37,2.46,0,177.12,181.39375,2.248,0.9,5.51,247.9,70802040502,5,-93.41720625,42.72980213,1.172772572,75353,271.7425,25.02784223,3901.336758,0.25,51.87371561,5.767318528,92.97315214,6.44347719,11.07604527,0,0,0,84.43384552,0.857368542,6.147535819,474.5273603,7.217544444
76714,2011093,0.137,0,0,0,2.57,10.04625,0.318,3.52,4.23,15.7,10400020504,0,-70.26444739,44.41598167,1.410577563,76714,21.58689225,7.766666667,1046.7,0.2199999988,264.8833333,0,0,26.06668553,84.77075986,0.03042900886,6624.277515,0,2.398950577,1.015972402,0.05998349483,914.2331106,7.138691642
76737,2011058,0.135,0,0,7.4,6.27,12.52375,0.495,1.4,6.26,14.7,10700030404,0,-71.87174989,43.32892538,1.389935512,76737,176.4056775,9.116598778,1089.026477,0.2300000042,299.6405295,0.3564154786,0,20.29698678,94.29115128,3.579836167,901,0,0.7346953154,1.64073513,0.04692456991,3642.473268,13.06432465
76789,2010727,0.176,0,0,2,4.88,10.87125,0.279,4.2,3.67,148.3,11000051104,0,-73.14460011,41.6775054,2.311338518,76789,1526.190152,10.11178194,1225.828322,0.2266745376,294.182079,6.096193567,17.04927707,25.19444217,78.26479521,0,0,0,1.973546863,1.583115959,0.1864104719,3764.212816,56.97319385
76858,2010691,0.179,0.04,0.266,1,9.44,43.61,0.919,2,7.71,73,20401030505,0,-75.36266046,41.39467308,1.559561329,76858,648.6270763,15.92136728,1656.344212,0.3357565318,208.6452384,4.566907274,28.30372016,23.02459953,86.607499,0,0,0,0.4892091751,1.325158348,0.1370373403,8518.483485,27.56292477
77852,2011418,0.223,0,0,1,1.14,10.49625,0.228,4.8,3,28.7,20200010507,0,-73.59667353,43.85253906,1.973009173,77852,153.4361942,12.68057211,1071.851013,0.2273637903,258.4666269,0,0,20.04911638,75.96153846,0,0,0,0.02623737976,0.06819046766,0.004580429988,50.65277685,25.21659394
77908,2010917,0.509,0.03,0,1,2.37,9.9175,0.208,3.5,2.34,27.5,20402030102,0,-75.92140294,40.79764408,1.494988852,77908,384.1249097,14.27543366,1355.303797,0.267494148,285.1980778,3.047351149,0.0468823254,28.20019626,65.53154445,260.8717207,41055.18,22,3.904193401,2.534440877,2.247946539,15651.52698,28.91969205
78025,2010794,0.0769,0.06,0,1,14.9,30.5,1.46,2.25,17.5,587,40301040404,4,-88.13915906,44.99812386,1.38047308,78025,1898.465905,14.01646032,1922.056544,0.2099999934,141.4700441,3.922963806,57.24111759,10.45940376,62.8219336,0,0,0,23.49701691,0.5212399691,2.037760393,465.8823423,13.03432249
78634,2010648,0.0921,0,0,0,31.2,42.39875,0.786,1.4,5.14,118.8,71401030205,7,-91.45217317,38.08882573,3.199408531,78634,3784.746,15.92009471,1848.04635,0.394991915,52.6583995,10.17699115,36.64240175,9.722960854,89.84088127,33.59755517,42459.81131,0,9.849675179,2.247898655,0.2776205605,6044.647446,123.6580293
78711,2011427,0.0808,0,0.255,2,12.35,42.81715,0.899,1.1,8.66,287.5,90201030103,8,-95.6307983,47.03642853,1.51315169,78711,341.9489,16.0736755,7881.442329,0.1899341215,109.3440949,3.95256917,0,3.534095582,96.14035088,0,0,0,0.559397459,0.08376170692,0.136845198,45.34168001,47.25829368
79123,2011354,0.0744,0,0,0,15.1,20.1,0.405,1.75,11.5,311,40302020401,4,-88.92521227,45.04568247,1.63042211,79123,117.1977205,7.365797546,1829.010736,0.2176226983,104.2039877,0,0,11.34772429,98.49092367,0,0,0,14.69130421,0.2365821473,0.6575163804,769.7726167,10.60227851
80188,2011015,0.1125,0.03,0.115,0,2.03,9.26875,0.37,5.2,3.11,285.5,40500030602,4,-85.70376342,42.20645589,2.225131486,80188,309.9751812,14.05526161,3841.736332,0.1870116336,189.659612,35.58139535,23.54651163,12.27077651,99.41501104,0,0,0,6.996966839,15.69180498,0.2833416326,26404.28258,59.18482046
80377,2010945,0.0716,0,0.17,0,2.48,11.379,0.428,3.9,0.53,2603.3,51202020601,5,-87.23550265,39.03393074,1.940445276,80377,11.84062023,17.5625,1652.765625,0.4199999869,134.15625,1.5625,0,13.87457784,31.21215866,12.4687173,0,0,23.49689293,0.5904480915,6.084799568,2236.634275,6.965882652
80449,2010656,0.0257,0,0,4.1,14.94,22.2025,0.73,23.7,6.64,193.7,70101060401,8,-95.40407005,47.01298582,1.602094368,80449,112.8748,17.3097561,8399.361789,0.1694820771,110.4162602,0,36.25498008,4.002018604,74.88746419,0,0,0,7.724719524,0.2725180439,1.902040749,364.2211997,21.82805244
81208,2011478,0.122,0,0,1,11.9,21.7,0.447,1.7,10.9,47.6,40400030302,5,-88.28103538,43.36383555,1.094959194,81208,154.1938488,19.34478742,2708.553873,0.3094175918,170.1118229,25.97553873,11.70646476,7.788577141,57.47660597,0,0,0,20.56269646,5.692638726,2.269894281,6988.904351,5.007765953
81650,2010458,0.13,0,0,3,4.3,33.2,0.501,2.5,7.58,23,70500070102,4,-91.55371721,45.67086385,1.215873407,81650,301.6892,10.43686946,2675.195353,0.2700000107,107.8560073,2.417188899,24.0226798,11.58553501,90.09767599,0,0,0,1.394141078,0.5383325496,0.1738428208,955.334534,4.120801303
82180,2010455,0.179,0.03,1.155,3.1,19.04,33.55875,1.119,1.3,18.32,113.1,40102011201,4,-92.70059133,46.67887193,1.164615764,82180,208.9359725,10.94711111,3102.608889,0.2476305577,115.2604444,0,0.1726370306,9.517545949,66.10995129,0,0,0,0.1234908178,0.1167764909,0.03222917674,273.2808567,8.638354485
83703,2010293,0.0375,0.12,0,0,3.76,59.22,1.423,1.7,14.06,1514.5,70200011002,8,-96.63391108,44.87791839,1.586970107,83703,1814.683,26.76669827,6430.578645,0.2753110228,78.19764012,3.258928571,32.40079365,1.388494974,76.07621316,0,0,0,15.77472782,0.2668391803,0.4398944543,105.1700876,428.1926919
83721,2011397,0.0684,0,0.131,0,6.32,25,0.403,23.7,6.25,164,70300050806,5,-92.55132434,45.27237174,1.424706395,83721,249.1692,11.53382084,2801.259232,0.2199999988,104.5488117,5.409304003,7.861521818,6.989093858,97.81075922,0,0,0,16.41037369,0.5129400824,1.015943706,1690.42554,36.4719751
85539,2011390,0.143,0,0,6.1,5.52,7.7675,0.503,23.7,2.08,448,50200060708,0,-79.22993277,39.68634138,1.656113419,85539,335.493473,17.53131692,1108.516328,0.2853640298,280.9558351,20.42291221,15.28372591,26.49192913,94.24099232,73.74401082,63.7,0,2.464574814,0.4266215813,0.2736529521,618.3415744,12.93673881
85825,2011112,0.207,0.12,0,4.1,7.3,28.9,0.398,2,8.35,19.6,70500070102,4,-91.5718187,45.73420682,1.765954829,85825,32.69536,8.815934066,2870.747253,0.2700000107,132.4340659,3.021978022,3.571428571,11.58553501,90.09767599,0,0,0,1.394141078,0.5383325496,0.1738428208,955.334534,7.334640186
86682,2011121,0.0649,3.96,0.179,18.5,49.92,297.13375,2.255,0.25,11.36,247.4,51201020303,5,-85.3703977,40.61069513,1.178643433,86682,10.42355974,28.88135593,2715.966102,0.3700000048,66.61016949,17.79661017,72.88135593,11.71373227,39.02078539,0,0,0,72.24026489,0.3429527986,2.152906324,495.6722638,5.029235749
87117,2010735,0.137,0.03,0,0,1.63,12.09125,0.431,5.9,7.36,283.4,90300060403,4,-93.49605012,47.67272286,1.829515278,87117,115.7123,14.27984496,3407.335659,0.1770465125,125.8736434,3.953488372,0,7.443957743,100,0,0,0,0.144161731,0.2611734265,0.00840062613,82.08735939,31.04771885
88820,2011085,0.0658,0.11,0,9.8,4.23,11.9225,0.428,3.5,4.03,161.8,51402010904,6,-87.11587354,38.2128677,2.259031197,88820,91.63368434,17.45463812,790.1141692,0.3799999952,118.4424057,13.07767945,8.161258604,16.13464649,27.40608229,0,157.026,0,34.17053223,0.4973078718,0.3030174382,598.5544592,12.20313802
90380,2010706,0.141,0,0,0,2.12,7.635,0.2,4.3,3.85,29.8,10200030205,0,-68.06482297,46.03377227,2.053580048,90380,2192.903483,10.11399309,788.0736084,0.2348064804,273.9855947,1.896162528,0.0041042479,25.00796706,93.07568438,0,0,0,0.2855146229,0.08626106827,0.0004398755014,83.66756617,164.6469362
91692,2011002,0.0934,0,0,0,9.65,26.85125,0.749,1.8,8.44,530.1,40900050105,4,-83.53403862,42.60635632,1.367183629,91692,95.74650511,18.40075259,5410.555974,0.1731702788,151.3574788,89.84007526,4.045155221,9.168763205,76.30604689,0.032028,1170.6,0,0.7315149307,11.98418093,0.0001768810288,33509.47721,5.525061753
91907,2010473,0.0694,0,0.678,2,6.1,21.8225,0.92625,1.7,10.74,198.8,70101020407,4,-94.13106145,47.07554797,1.29963625,91907,746.8491,12.11382419,5095.647383,0.1961394649,99.89193589,2.17155266,3.462420075,5.843545437,100,0,0,0,0.4282257557,0.3530452289,0.1189292424,266.360068,109.0585066
92766,2010926,0.0587,6.9,0.105,1,11.47,28.1525,0.773,1.8,6.74,345.3,41000030304,4,-84.61931853,41.59198978,1.576002502,92766,431.8565789,26.42403433,1974.644421,0.3443065723,92.10793991,3.587069864,86.63190824,10.32491141,53.21229495,2.418529276,12032.6554,3,37.47494125,4.539535435,0.4819971939,4908.412895,9.281031142
93777,2010634,0.123,0,0,0,11.17,13.29,0.589,2.2,7,83.1,40601020305,4,-85.30713258,44.35550397,1.277149027,93777,23.85037261,6.298113208,2508.022642,0.150000006,156.7962264,9.056603774,0,13.57137406,86.28677206,0,0,0,5.66518259,1.874602754,0.8190126268,3032.262762,12.29359599
93810,2010980,0.0484,0,0,1,7.02,13.18125,0.655,1.2,4.98,787.5,40900050102,4,-83.50573283,42.61911515,1.658428861,93810,115.0398798,18.37329932,5434.819728,0.1669362414,168.7355442,63.91912908,0,9.683735407,77.80443911,0,0,0,0.7881817818,14.75850525,0.0001774716669,44891.70685,30.55050787
93968,2011327,0.0454,0.13,0,9.7,92.16,22.43625,0.438,1.6,3.52,1185.4,51402040103,5,-88.75661154,37.66378448,3.635981817,93968,141.109,20.23722149,1575.016383,0.400000006,82.58387942,1.904761905,83.49206349,13.80438549,42.14310168,0,972.01,0,23.96069908,1.06590138,0.2312239692,1581.297497,56.90251782
96668,2011232,0.0592,0,0,0,0.79,3.03375,0.221,5.25,3.55,99.3,20700020602,1,-78.65255743,39.70377269,2.568544419,96668,2345.118847,20.09951287,1337.083469,0.3029445724,217.2123637,7.573374257,6.652599271,19.17380805,53.29688003,0,551,0,1.81780231,1.042692115,0.1813853408,1547.089503,80.26115249
97075,2010811,0.0461,0.03,0.424,4.1,165.2,251.775,3.2,0.4,13.55,539.5,70102050701,5,-93.91240289,44.78779214,1.48953797,97075,76.79726,19.86984536,7659.173969,0.2300000042,85.59020619,42.31678487,35.81560284,4.854022546,51.86521068,0,0,0,44.92008591,1.598818529,2.730484907,3753.789512,13.17952804
97823,2011280,0.117,0.18,0,16,10.13,12.25,0.579,2.2,9.65,268.5,40500060207,4,-85.35656737,43.11829791,1.382821439,97823,71.31669221,12.90379747,5353.163291,0.2599999905,165.3265823,3.037974684,58.86075949,11.20503343,78.54023049,0,0,0,24.93383026,1.284981902,1.092118874,3317.160728,6.004639948
98543,2011156,0.191,0,0,1,3.6,11.4925,0.281,3.39,7.34,19.7,10200040308,0,-69.26728961,45.33347041,1.774377103,98543,404.7069832,8.892211405,1064.991071,0.2131554372,255.5482151,0,0,31.69248831,92.8,0,0,0,0,0.1355216445,0,2.000063792,23.07475938
98881,2010986,0.096,0.04,0,14.4,5.09,34.52375,0.716,3.1,7.85,333.7,40601010705,4,-85.96063405,43.63971848,1.372367519,98881,1282.057169,11.46639983,3326.66786,0.25128361,152.9784425,4.662593919,31.12843199,14.06737083,82.13705309,0,0,0,6.194665909,0.4357013469,0.7959772703,1154.647374,6.454496631
100096,2010459,0.0828,0,0,1,2.95,13.71125,0.475,3.5,4.62,263.3,70101020507,4,-94.60216927,47.0737741,1.704723127,100096,334.3847,12.48684963,5870.577473,0.200000003,99.25586049,7.766729374,8.841709218,5.484731004,93.93775372,0,0,0,0.2003822178,0.5234031459,0.05404917586,3372.948388,110.6752579
101268,2010507,0.21,0,0,6.2,4.13,18.2,0.309,2.5,8.78,21.1,70500030108,4,-90.48674201,45.62221381,1.370655124,101268,35.68785,6.583113457,2418.717678,0.2800000012,96.52506596,10.97256858,8.97755611,12.16363321,98.51421189,0,0,0,1.913793921,0.1522495283,0.2326105748,92.47036872,17.01380662
102137,2010655,0.145,0,0,0,4.28,16.798,0.493,2.8,9.81,127.4,70101030102,4,-93.40409547,47.59777654,3.05622861,102137,593.8365,12.70813166,3768.05534,0.1354309952,150.2660536,3.696409635,0,7.874008009,98.63013699,0,0,0,0.0209753532,0.4160776672,0.0008227216547,178.4125068,138.5103693
104100,2010664,0.0567,1.16,1.92,9.4,49.8,71.33875,1.834,0.6,5.18,275,50800020503,5,-84.64626739,39.66174382,1.970740195,104100,937.1174097,20.33074266,2246.521493,0.3626232977,75.36058338,3.742084053,75.08155824,13.34824639,53.9465995,30.86510998,158615.3878,0,47.32932281,1.122665768,1.531201208,2881.258509,6.509524026
104641,2010333,0.0689,0,0,0,2.67,10.94625,0.2,3.3,2.86,36.2,110100070201,7,-90.77768574,37.59094579,1.770520978,104641,601.5656,14.46037905,3645.543799,0.3767183986,74.34174004,0.7163109984,0,12.7555154,100,0,0,0,0.5535228252,0.08741074232,0.03035786978,310.1377334,20.18299006
104835,2010377,0.169,0,0,0,1.52,8.44375,0.84,4.25,1.4,102.1,20401060404,0,-75.61509231,40.85982051,4.780477218,104835,18753.53082,15.47484576,1296.485864,0.2877103879,241.3313202,18.03149682,16.75799656,27.90258589,81.45962286,0,0,0,2.838903427,1.642353392,0.07641351719,6205.710343,422.4172956
105646,2010439,0.0543,1.04,0,6.3,22.24,62.12625,0.881,0.9,6.04,181.4,102801021103,5,-93.57653944,40.08066522,2.200487679,105646,209.303,27.77574171,3942.746073,0.3266954235,38.28054101,22.56255393,63.84814495,7.881774598,34.79286362,80.02863124,28307.05171,0,15.45118713,2.87764587,0.1817800813,3944.521268,28.25274632
107178,2010328,0.035,0,0,2,2.83,4.22125,0.164,4.4,2.02,64.1,50200060103,0,-79.49869414,39.46971757,1.527546128,107178,422.9260384,18.90459442,1123.664322,0.3000000119,357.1888327,28.28261332,4.724409449,30.00796709,80.76763198,8.389760457,2407.754859,0,4.630745888,0.953349983,0.1251720786,2948.593087,59.85533904
107184,2010420,0.0159,1.25,2.345,1,62.4,145.78375,1.928,0.3,8.53,339.2,50301030201,4,-81.17462183,40.99217369,1.459758889,107184,114.26012,20.74056147,1735.998064,0.4462055215,152.3301065,10.59288538,57.39130435,13.73213486,66.08211455,0,355.7227075,0,25.61054993,1.361542757,0.9393119403,5015.111135,21.83394645
107591,2011068,0.0723,1.89,0,1,89.92,141.0875,1.646,0.7,5.6,402.4,71401010301,5,-89.99226437,38.75103979,2.131047091,107591,40.3008,17.92682927,2304.702882,0.3700000048,79.31042129,72.72727273,0,8.894100107,33.17509751,0,105.75,0,32.4562645,16.2513276,0.3913585211,22417.7833,6.019939816
107977,2011075,0.152,0.07,0.113,3.1,8.62,20.58,0.836,0.9,17.13,18.5,40301120108,4,-86.44973776,45.90769792,1.534877261,107977,373.496978,6.781791908,1326.003613,0.1400000006,142.9828998,7.899807322,0.0481695568,14.74059632,83.76349614,0,0,0,1.349231362,0.5838440223,0.1042027974,330.8407436,5.783023612
107983,2011056,0.271,0,0,0,2.31,7.52125,0.305,4.2,5.5,22.1,40301070105,4,-88.08192668,46.69734737,1.392242609,107983,55.83062852,8.881410256,1473.814103,0.2399999946,182.9342949,3.205128205,0,17.39241214,77.77777778,0,0,0,0,0.2020453776,0,11.74335898,19.68495867
108392,2011051,0.138,0,0,0,9.03,24.1,0.254,1.25,10.3,18.6,70300020101,4,-91.04728534,46.2600147,1.285350382,108392,74.21992,6.969870875,1931.464849,0.2784390256,129.3213773,8.780487805,0,14.00030328,97.18309859,0,0,0,0.005148833618,0.3964032357,0.001624698735,304.3584772,34.48011013
109157,2010975,0.192,0,0,13.4,3.37,8.415,0.609,3.9,6.86,68.6,40802040106,4,-83.36040751,43.11844682,1.451303551,109157,162.3439008,8.682770664,4631.591967,0.1800000072,176.7008149,5.885619101,7.717934481,8.27837161,83.48410758,0,0,0,9.619148254,0.9582546992,0.2823911912,2755.710823,19.75610205
110955,2010817,0.474,0,0,0,3.03,16.48125,0.363,2.2,3.51,31.2,20200080504,0,-74.02816023,41.38028923,1.217225684,110955,72.93493883,10.16397516,1056.347826,0.2199999988,315.7018634,2.608695652,0,23.03646257,82.26652676,0,0,0,0.1564174592,0.7542466788,0.01322944115,156.5647454,15.77670702
112248,2010271,0.0931,0.04,0,2,1.93,8.17875,0.669,23.7,7.39,189.2,40700070704,4,-83.76903478,44.59965746,1.678563553,112248,161.8330401,13.0819398,3660.468227,0.1517725813,170.7123746,4.236343367,0,10.91755959,91.65535957,0,0,0,0.1533853263,0.5489953565,0.01231609918,268.8273746,5.506961751
112355,2010434,0.0759,0,0,0,0.79,7.115,0.54,2.8,1.46,22.6,50100070401,0,-78.68349761,40.27189628,1.484937834,112355,1795.243931,14.32142141,889.1713613,0.2300000042,282.1552727,0.7016840417,0,23.53257932,97.31621937,12.15371674,0,0,0.5140470266,0.4551513392,0.02782531198,1459.206303,18.25013518
112990,2010671,0.534,0,0,5.2,3.26,17.995,0.446,2.56,4.07,433.2,10900040901,0,-71.40531613,41.75003842,1.366938731,112990,13.01922041,10.52413793,1503.062069,0.1099999994,221.2758621,71.72413793,0,26.52821794,60.05802708,4376.229615,2555069.026,27,0.3354998231,54.50655488,0.004653002434,125994.8535,5.450782953
113432,2010432,0.123,0,0,1,3.58,18.1825,0.831,3.5,9.08,259.6,70101020502,4,-94.5597771,47.30023229,1.410319978,113432,60.24765,14.19963702,6297.854809,0.1400000006,136.8221416,0,0,5.174718735,99.64285714,0,0,0,0.07948375493,0.08955110707,0.02461331728,24.38921406,44.72040002
113702,2010332,0.103,0,0,0,2.04,7.30625,0.195,3.2,3.75,97.3,71401040101,7,-90.91742006,37.72667172,3.739446597,113702,3288.384,16.41619995,3522.887236,0.3702500387,77.63075037,1.406100397,0.7796471071,11.99581976,100,0,0,0,2.220687389,0.128782676,0.4329607915,332.3148861,173.6585547
115022,2010412,0.205,0,0,3,3.74,13.96625,0.385,2.8,3.5,199.9,11000020108,0,-72.29766855,41.85770489,2.49344919,115022,930.5796296,6.547941233,1177.372221,0.2259897524,348.9570849,5.490044462,3.479605645,25.04186867,85.43241748,23.63330613,8914.135604,0,3.984658241,4.761723139,0.3008962756,41020.18674,7.127128347
115702,2011045,0.247,0,0,0,1.62,19.1,0.224,1.75,9.2,14.4,70700010501,4,-89.4364627,45.95855182,1.156929941,115702,313.3571,5.677317214,2018.939839,0.1299999952,136.3290155,5.341757611,0.3446295233,13.42830705,99.21052632,0,0,0,0.2703393698,0.3327385956,0.0002378553617,367.6342831,14.13288234
116526,2010761,0.0859,0.22,0,3,3.4,18.48625,0.471,4,4.38,191.4,51202020101,5,-86.21227481,39.27747047,2.361053735,116526,54.71923218,17.63366337,1493.039604,0.3899999857,102.1831683,11.55115512,20.95709571,14.39718188,77.3464003,0,7.432,0,4.854451656,0.2790663798,0.07556581877,2843.963308,6.649590918
116804,2011242,0.0281,0.04,0,13,2.83,18.47875,0.594,1.6,5.37,1034.1,71200030304,4,-87.50457354,41.53836779,2.102985291,116804,15.69409,23.22543353,2155.578035,0.200000003,50.28323699,98.26589595,0.5780346821,12.26922779,41.22137405,0,68949.4,0,3.304174423,35.91661925,0.01043538119,43397.88386,12.36670188
123279,2010763,0.252,0,0,0,6.37,12.32875,0.768,1.2,16.48,62.1,90300010506,4,-91.43993589,48.02203024,1.366868557,123279,189.5879,17.93693263,942.321548,0.232569942,232.5317726,0,0,11.30380931,0,0,0,0,0,0.1771509674,0,47.07528459,11.36212509
123565,2010336,0.433,0,0,35.5,2.68,9.045,0.445,23.7,7.01,45.6,20403020204,1,-74.78090997,39.40969142,2.32713943,123565,1275.840321,4.12010996,1932.547896,0.2298674824,117.6598294,10.50257278,1.733981814,19.79171487,91.49797571,0,0,0,2.356371164,1.130519224,0.00147789265,4821.411622,12.5399809
125419,2010985,0.046,0.05,0,0,4.83,14.0125,0.418,3.2,3.69,457,102400110604,5,-94.78217323,39.16551281,3.322600517,125419,1926.537,27.10958254,3322.977657,0.3159316302,63.51347249,42.89250023,16.09227608,8.854637658,28.14485388,0,446.9735247,0,8.919203758,6.898727528,0.1228116236,7521.445329,136.8853816
126042,2010568,0.0274,0.04,0.924,1,58.4,139.51125,2.339,0.4,9.27,474.1,70102050105,8,-94.81719361,45.08154769,1.34999485,126042,280.9752,21.01328207,5794.880112,0.2310115251,79.49353373,3.265044814,71.22279129,3.854768907,32.05161143,0,0,0,50.89807129,0.4993494394,18.52175937,402.2088622,57.51484376
126411,2010653,0.0432,0.11,0.75,0,27.92,69.7925,1.225,23.7,6.9,412,102300030304,5,-95.19124891,43.48242192,1.509089607,126411,666.4089,24.44420221,8588.719717,0.2700000107,67.29063905,4.704772176,76.98840658,3.864182878,40.4335324,0,0,0,54.1689949,0.6140589742,2.134690724,234.3444089,52.02126744
126660,2011048,0.189,0.09,0,3,4.98,26.285,0.706,1.75,9.37,257.4,40601020703,4,-85.35707212,43.69739065,1.478153806,126660,74.61332201,10.55582233,2312.260504,0.1800000072,163.2088836,8.763505402,10.80432173,11.99520565,88.56589963,0,0,0,5.323421955,0.9649973171,0.4774552426,1524.76806,7.406678415
126759,2010472,0.14,0,0,0,2.39,14.845,0.399,4.55,6.42,232.8,40102011203,4,-92.69488165,46.83218054,1.160444837,126759,201.4305287,10.91004284,2816.198001,0.1399776742,102.7858163,2.5,0.1339285714,9.285800919,96.59863946,0,0,0,0.2697102129,0.1834988018,0.01450993422,482.4254408,26.37947368
126901,2010564,0.356,0,0,12.2,6.3,11.26125,0.22,1.5,2.54,219.5,10900020304,0,-70.65748444,41.76025797,1.1477413,126901,233.8942176,4.625348745,1906.667198,0.1099999994,296.5388601,16.38330757,9.234930448,23.4537406,29.63356346,0,0,0,8.32557106,5.400642691,0.1238265256,11434.53127,16.93668869
127944,2010625,0.0248,0,0,2,8.27,20.20875,0.308,1.9,6.55,50.9,10802020203,0,-72.21909999,42.64557284,2.684852858,127944,4026.87281,6.330050698,1115.720625,0.2092150186,270.9030015,4.109221728,1.789824146,22.52350977,93.80619381,0,0,0,1.125244498,0.6777249748,0.09906319606,3101.543151,86.4757102
128914,2010725,0.122,0,0,1,2.37,6.71875,0.244,23.7,2.99,12,20200020203,0,-74.4908049,43.24199302,1.339979601,128914,29.0443499,5.556574924,647.2232416,0.2099999934,307.0703364,0,0,29.98899773,38.63636364,0,0,0,0.002624485409,0.01837442476,0.0001217562911,20.44723926,5.38989847
129512,2010786,0.0491,0.08,1.16,40.8,46.8,269.23125,2.983,0.4,9.63,695.9,70102050102,8,-94.956911,45.0109658,1.852268803,129512,2097.853,28.94455199,9177.868241,0.2599999905,74.06955736,3.673696845,91.88957476,3.618395171,18.35222319,0,0,0,38.01089096,0.9363028387,14.59028921,243.7899143,60.82647941
130985,2010964,0.373,0,0,0,1.6,3.57875,0.201,23.7,2.53,19.5,20401050104,0,-74.99641596,41.0395699,2.046238122,130985,158.7861022,13.59355568,1804.99039,0.25,298.0084794,0.0565291125,0,25.69308324,80.09339218,0.121913934,19816.48086,0,9.21901226,1.010226558,1.830444469,5029.983367,10.90848454
131406,2011323,0.139,0.1,0,0,3.25,11.3475,0.451,3.5,4.79,320.5,71200010403,4,-86.76248621,41.62692429,1.863734244,131406,90.95028,17.91873142,4224.435084,0.2599999905,130.2507433,10.0099108,14.46977205,13.00806101,83.52511496,214.1340074,142620,1,33.79656601,9.895323711,0.6129194974,24094.11,11.03159704
132172,2011331,0.229,0.05,0,18.5,7.93,16.99125,0.426,23.7,8.68,40.5,10500030301,0,-69.49580504,43.97254221,1.129377356,132172,60.8777545,8.087537092,389.8130564,0.2199999988,270.4376855,15.13353116,9.198813056,24.35830879,91.78484108,0,0,0,0.9595687985,0.6635228801,0.032010159,3068.420111,6.02196311
132776,2010882,0.335,0,0,1,2.66,8.825,0.25,2.9,5.59,31.6,41503050303,0,-74.3975311,44.00104889,4.897922927,132776,14054.56622,5.886472922,1182.633812,0.2191368435,237.475517,1.821069078,0.0166483108,27.63721834,94.22222222,0,0,0,0.008431484923,0.1899816044,0.0006497432815,553.0812469,1686.69591
132780,2010883,0.213,0,0,0,4.53,9.8875,0.255,3.4,3.97,18.3,41503060201,0,-74.36551255,44.37969418,1.690462423,132780,44.9652913,5.079903148,1298.915254,0.2099999934,227.6464891,0,0,24.07022335,96.55172414,0,0,0,0.001799343503,0.06139720117,0.00234771908,19.46202788,15.21766225
134926,2011000,0.1932,0,0,1,1.99,8.235,0.628,5.5,5.71,132.8,40900050111,4,-83.7583547,42.60490803,1.062278656,134926,41.34907377,12.01750547,5083.68709,0.1341137894,195.9693654,8.533916849,8.096280088,8.805954574,88.99951036,0.50853,3596.4,0,2.283095598,12.50922324,0.01658981234,22703.76781,12.61092495
135108,2010673,0.253,0,0,0,1.93,6.41125,0.334,4.9,3.57,96.6,20501061002,0,-75.54818209,41.63094934,1.747391822,135108,198.0720058,15.32528339,1627.774766,0.3300000131,233.6515525,29.96373527,19.9456029,20.53637528,68.91676311,0,65.73359027,0,2.405839682,0.8874507743,0.7450086206,3104.4679,56.63799822
135452,2010289,0.0954,0,0,0,5.35,13.47625,0.315,2,3.56,53,80202020303,7,-90.62212711,37.42087696,1.996998314,135452,2214.503,12.83404917,3228.356813,0.3712769885,69.52705853,3.024759117,4.297272025,14.11171508,93.33333333,0,0,0,1.576690078,0.07754941908,0.1640315126,307.5617952,44.20315124
135533,2011329,0.0626,0.19,0.73,1,174.4,244.5375,2.728,0.4,9.36,385.3,71200011306,4,-87.40661288,41.33532348,4.146213485,135533,3003.638,19.11459615,2511.481016,0.3680802913,85.82477414,28.93948472,31.95626123,12.16822311,56.30328688,0.8006512096,34445.62,1,29.07624435,9.842402777,0.1302425608,21028.03169,86.21439338
135834,2011438,0.0633,0.03,0,2,36.27,97.70125,0.795,1,6.15,261.5,51201110401,5,-87.09452739,39.57249847,3.372630943,135834,82.81929196,17.63804348,1565.288043,0.4099999964,69.58369565,2.282608696,73.26086957,12.47095361,83.52907748,0,0,0,33.47652054,1.421966732,1.156583093,2204.681454,4.562316537
136070,2010752,0.13,0.04,0,1,9.1,20.50375,0.76,1.3,8.43,30.5,40101010902,4,-90.98889127,47.66755139,1.452031215,136070,139.4236727,11.92133239,1144.868887,0.2192802046,214.3827073,3.084832905,0,12.33712021,0,0,0,0,0,0.09511792379,0,0,40.37397908
136303,2010316,0.0646,0,0,1,2.24,6.4275,0.179,4.7,1.97,360.2,110100090102,7,-91.0544894,36.63737224,2.10881371,136303,2130.763,13.3898865,3097.858419,0.400000006,57.56204472,2.369888476,8.44880027,15.42257669,36.36363636,0,0,0,6.200130939,0.1637038346,0.2142024696,421.1691081,19.27729968
137155,2010838,0.189,0.03,0,0,3.65,9.05,0.224,2.3,4.61,23.3,20200010507,0,-73.63396531,43.85066542,1.691411152,137155,31.20026686,11.51156069,976.4942197,0.2099999934,253.8872832,0,0,20.04911638,75.96153846,0,0,0,0.02623737976,0.06819046766,0.004580429988,50.65277685,5.389733887
138003,2010448,0.0466,2.17,0.13,22.8,49.12,85.02125,1.621,0.8,6.26,459.3,41000120404,4,-82.71750372,41.09324025,4.938786164,138003,3014.631928,23.54765616,2120.096811,0.4000173178,96.31144347,29.30185357,50.13879354,11.69585586,57.14737675,22.37473173,15808.40673,3,32.64901733,8.543052914,0.5703708594,7119.073578,88.00516029
138088,2010287,0.169,0,0,2,4.98,19.0025,0.916,2.2,5.64,247.8,40500060108,4,-85.4676536,43.21889919,1.275607663,138088,540.7399332,9.553768844,4889.581575,0.1985107459,155.2472362,18.2575379,32.55039147,11.35811588,90.76686223,0,0,0,17.87401581,1.309524128,0.4607710861,3647.723135,22.90006606
140218,2010415,0.198,0,0,3.1,13.6,45.18625,0.69,23.7,5.81,87.6,20501011308,0,-75.65465659,41.89986163,1.777920689,140218,102.9844489,15.47125436,1601.879791,0.3300000131,245.3249129,2.526132404,0.1742160279,20.79450994,63.48226704,0,1996.5,0,0.9212271571,0.7943436901,0.3595901637,3007.913861,4.982113344
140494,2010371,0.0565,0.14,0.34,6.3,25.28,178.1825,1.336,0.6,6.32,405.6,102300030202,5,-95.17239492,43.46110505,1.09323934,140494,128.4203,25.69636229,8923.995546,0.2700000107,66.9844098,4.771929825,57.68421053,3.904405483,76.49542576,0,0,0,24.51163483,5.644282983,0.7094751716,3182.284044,22.94970877
140566,2011428,0.0641,0,8.26,0,15.36,54.91465,1.109,1.7,9.36,238.2,90201030104,8,-95.59774784,46.93910145,1.377439776,140566,119.8494,15.26688365,7320.494711,0.1899999976,117.6159479,0,0,3.722362879,99.50124688,0,0,0,0.2577160597,0.06349609127,0.06155504191,78.61220253,61.06060507
141157,2011143,0.199,0,0.243,1,3.56,20.0225,0.593,23.7,8.44,138.7,40201030405,4,-87.99791695,47.47510233,1.58384124,141157,183.953435,8.059795819,1172.225085,0.1899999976,212.9859018,0.7292173068,0,19.5368479,98.10126582,0,166752.6997,0,0.00468090456,0.4063443822,0,339.4754746,11.87656965
141821,2010252,0.0795,0.06,0,6.3,1.15,20.89,2.92,1.3,3.31,139,20402070502,1,-75.38120612,38.8670519,2.102477941,141821,1939.918242,6.727563657,2800.71518,0.1902142734,197.8183758,7.722276332,51.62562033,19.0928157,72.98946013,0,0,0,33.46127319,1.608309559,15.82631495,3325.333199,15.3657852
142896,2011221,0.0592,0,0,5.2,5.46,20.0825,0.329,0.9,6.7,21.9,20600060601,1,-76.64506871,38.48127505,2.224680941,142896,76.84905777,14.07702182,2150.204108,0.3638028214,146.4557125,4.929577465,64.55399061,14.81897477,90.86653354,0,0,0,11.72243309,2.028295973,0.1417589768,12495.23041,5.700941168
142983,2010641,0.0688,0.55,0,0,3.7,9.41125,0.729,4.1,2.4,196,20600031003,1,-76.98918029,39.40526356,3.193406625,142983,2639.967848,17.66955948,1287.959246,0.3377489629,118.0916097,15.16132329,53.10892304,15.90084957,47.21434152,0,25.24,0,17.95579147,4.683268166,1.625251626,15246.01237,113.8823289
143328,2010983,0.0574,0,0,0,1.6,5.21375,0.248,3,2.23,23.9,20700050401,1,-79.22794855,38.32875353,1.245269704,143328,6278.084264,16.31652146,1469.248518,0.2734272098,258.0165344,2.364879391,0,14.44914852,71.42857143,0,0,0,0.01255024504,0.0723717802,0.01345862944,12.38533128,20.53050222
143422,2010246,0.066,0.07,0,6.3,16.32,36.025,1.621,1.2,3.53,255.4,20700100101,1,-77.13036019,39.12489393,2.215378757,143422,3300.318155,16.99841677,1077.534886,0.3492073485,111.2217066,49.55267034,20.637172,15.66066159,72.38280053,0,0,0,4.511737823,14.9988358,0.04489022506,114404.3917,24.92120867
143451,2011053,0.138,0,0,1,13.52,16.07,0.613,1.05,5.89,149.8,20700110103,1,-77.34995954,38.61360699,3.863409049,143451,2724.609217,16.30002332,1368.12862,0.3012961386,116.4407717,41.23070822,2.614098285,14.86648837,67.26190476,0,0,0,0.9059901834,14.28159893,0.01688864902,37739.66058,41.92079501
143777,2011376,0.0851,0,0.212,4.1,44,58.1925,0.915,0.5,4.38,209.6,20700080802,1,-77.20148074,39.16400697,1.865370618,143777,844.3904846,17.17105684,1171.815399,0.3464999441,115.2272582,84.71792684,2.591447158,15.47710173,64.41840962,154.9257806,91967,0,9.315173149,11.85339664,0.09276778154,162839.4902,11.54318651
144054,2011054,0.103,0.03,0,0,11.7,27.36,0.609,1.35,4.36,307.5,20700081004,1,-77.33840431,38.96556148,2.241126964,144054,172.526732,17.19572025,1288.079332,0.349999994,113.2181628,66.91022965,5.793319415,15.37236485,75.43335326,99.31607284,133.8435,0,0.8826224804,12.00393342,0.009442389748,126692.5492,10.23850046
145724,2011063,0.0696,0,0,0,22.24,45,0.656,0.58,7.33,72.1,20801050101,1,-77.65363939,38.29938657,1.791427818,145724,779.7813425,15.94247531,1165.020918,0.3875834195,107.5185357,11.78847708,4.225839972,13.89126817,70.97953647,0,31.8843,0,3.152435541,1.840560895,0.1209931954,12049.80183,22.35906663
145909,2010484,0.0864,0.12,0,3.1,42.24,104.6075,0.904,1.05,7.07,170.6,20802060605,1,-76.82137141,37.30299756,2.775530712,145909,1240.111477,14.30454974,1785.345984,0.2519933227,105.8727233,7.162034686,3.88941296,14.58303234,60.90077635,0.008035154616,0,0,6.089463234,0.3271537844,0.06640836158,1316.533666,16.45983905
146300,2010280,0.0597,1.96,0,45.7,22.88,74.07875,0.611,0.75,6.25,91.4,20802070705,1,-77.89362488,37.29241907,2.265152611,146300,4191.145184,17.05252308,1640.917458,0.2800000012,55.58703028,4.088468972,30.38651492,12.84173063,75.15480415,0,0,0,10.0503273,0.2781412389,3.442600635,990.3135189,28.03483471
146718,2011130,0.0737,0,0,0,19.68,36.69625,0.32,1.15,3.17,90.9,20802070101,1,-78.62340308,37.21430567,2.129674359,146718,3666.290555,19.54997789,1691.316256,0.2821460852,70.63747604,3.858236796,21.75044178,11.61190075,72.5335249,0,0,0,6.691448212,0.2765455258,1.45070405,836.9025223,32.11525071
147176,2010652,0.0791,0.03,0,0,5.65,20.80625,0.38,2.3,3.34,233.9,20802060905,1,-76.56877964,36.86146818,2.174863895,147176,33.35670203,11.79291553,980.3160763,0.2700000107,115.400545,21.52588556,56.40326975,14.71846513,89.37862738,0,0,0,18.29875755,1.567925232,3.795141418,4690.794056,7.564349419
147753,2011245,0.0978,0,0,0,34.4,95.83375,1.093,0.75,5.93,149.4,20802080101,1,-76.61371224,36.70332163,1.213887345,147753,198.7129368,11.93164328,904.6102309,0.2563060121,113.5445903,30.01358081,32.00543232,14.72445343,88.60310756,0,0,0,12.07837391,6.048376945,0.2697749125,9815.640356,4.050310741
147878,2011150,0.171,0,0,13.2,49.28,72.99,1.726,0.7,2.61,91.7,20801090102,1,-75.546181,38.64341407,3.113045323,147878,13953.60189,5.510652446,2534.759616,0.1941825455,173.6530401,7.149997743,39.63843688,17.53525041,49.56116145,0,0,0,27.85907555,1.412029672,13.27314789,4661.35704,31.4431599
147882,2010363,0.11,2.35,0,19.9,47.2,100.22875,2.209,23.7,6.73,135.8,20801090202,1,-75.51095773,38.52060229,1.847019054,147882,3739.788436,8.394593684,2381.624663,0.2065116506,178.4560947,5.208935105,45.128057,17.39426827,56.76277113,0,0,0,31.59064293,0.8495593937,16.08748424,2259.432247,22.23779435
147886,2010485,0.0406,0,0,0,1.8,4.2,0.245,3.9,2.96,121.2,20802060604,1,-76.84213852,37.35819581,7.962928876,147886,791.308701,14.03900569,1684.80788,0.20192142,117.7002512,8.732682262,24.09720645,14.43899677,88.3873929,0,245.7286178,0,4.760896683,2.363700705,0.08442073567,5550.238062,382.0178097
147891,2010465,0.0853,0,0,1,2.91,11.17875,0.301,3.2,2.79,303.2,20801070202,1,-76.70247756,37.3056376,6.051708714,147891,642.4420978,14.69605735,1519.923871,0.2163002397,116.1803584,20.19325025,2.408626243,14.43713888,86.41865958,0,0,0,1.257082462,7.771968514,0.00704570761,11853.14095,71.44044389
148481,2010418,0.128,0.71,1.628,3.1,82.13,144.93625,3.713,0.62,4.12,146,20801090204,1,-75.55934198,38.55874254,2.497348564,148481,6240.276836,6.977781946,2580.147851,0.1899999976,186.8338118,8.315189965,51.89243746,17.1483093,50.70438283,5.051284,3019.7,0,33.05041504,5.731710447,15.69739568,10907.18593,33.96589972
149954,2010990,0.0645,0,0,69.1,27.52,73.72125,0.789,0.88,11.7,53.8,30101020505,1,-78.56454162,36.93899557,1.894106564,149954,2830.121976,17.08650849,1759.072992,0.4300000072,88.30532409,5.308186502,9.436422619,11.89536264,77.26315789,0,34.810776,0,6.715288162,0.3663581443,0.2303432095,1296.416899,12.1832777
150204,2010979,0.0393,0.09,0,0,18,15.03625,0.505,1.7,2.48,40.3,30101030101,1,-80.39291674,36.67823144,5.34901299,150204,5283.008521,19.9365734,1477.687553,0.2865950236,208.6244504,7.189820808,32.44702596,18.36110506,60.86421922,0,0,0,15.94599056,0.5425521906,0.4476256183,1141.577784,56.84760294
150251,2010981,0.0633,0.03,0,0,8.94,13.58375,0.211,2.5,2.31,27,30101010702,6,-79.8200598,37.31510531,2.898113303,150251,344.1034281,17.54005236,1737.720419,0.2199999988,202.7172775,1.989528796,1.308900524,12.95408669,52.48822144,0,0,0,5.434109211,1.594617421,0.2237688142,5210.67804,27.09271981
150815,2011235,0.058,0,1.592,3.1,85.28,213.50375,2.069,0.28,11.44,131.6,30102040703,1,-77.61571724,36.62861702,1.659512422,150815,120.3800552,9.474588939,1566.112855,0.2800000012,103.0724963,3.288490284,67.18983558,13.39001042,89.39178795,0.110254343,244.73295,0,6.630108356,0.4693649863,0.01322668418,973.9067891,7.690314208
151178,2011087,0.0747,0,0,0,4.09,25.365,0.313,1.8,3.77,89.2,30102010204,1,-77.90608471,37.03906264,1.85124627,151178,1599.368414,14.65620606,1601.389742,0.2800000012,97.04133626,16.77071031,4.679151904,12.93124829,89.56760467,0,0,0,2.020330191,1.696236637,0.3710346043,93.11491333,18.15159185
152360,2010247,0.1903,0,0,0,38,43.5975,0.541,0.6,7.07,37.7,30203010103,1,-77.10486307,34.9328765,1.399862948,152360,507.4257791,20.55370157,1793.670502,0.0096166132,103.142501,2.733404331,0,18.27667029,67.66878981,0,0,0,2.975493193,0.2387091417,0.8803981735,175.6292715,384.3244766
153164,2010235,0.0569,0.03,0,6.2,107,246.19375,2.42,0.25,5.41,146.1,30201010603,1,-78.03008257,35.85643745,2.039923744,153164,33.38446791,12.46961326,1873.972376,0.1899999976,133.2127072,0,98.89502762,13.99975994,92.1982049,0,1.481781048,0,20.87900734,0.696100049,3.597859875,1616.581873,4.495529355
155801,2010261,0.1024,0,0,119.8,22.31,44.585,0.856,0.6,13.83,37.2,30300040702,1,-78.81678653,35.22404408,1.504974043,155801,264.5553448,11.56725543,659.4558424,0.1400000006,85.45074728,14.02853261,14.09646739,15.54123922,85.45255402,0,0,0,9.697820663,0.9553278202,3.682460078,1692.795644,6.734656497
156574,2010940,0.0954,0.03,0,0,6.89,15.49,0.445,2,5.72,30.8,30300030301,1,-79.55072242,35.33384641,2.724959989,156574,316.3879535,13.25406977,1052.882849,0.2770351254,111.8005814,3.570408455,1.028277635,16.51180331,91.1971831,0,0,0,2.435647011,1.44456379,2.325889086,3076.095596,21.81408932
157615,2010483,0.0153,0.03,0,2,3.01,20.7975,0.399,1,7.51,16.2,30402010410,1,-79.89951935,34.63851848,3.00050792,157615,14586.2459,10.45430211,767.9131666,0.1099999994,112.0570729,6.620350946,6.140946223,19.11183487,94.17214585,0,0,0,2.173116446,0.8577646706,3.005092826,967.3717569,81.29297166
157759,2010343,0.0375,3.45,2.705,7.2,74.8,623.8925,1.828,0.7,11.11,136.7,30401050507,1,-80.26322933,35.11582528,1.611634818,157759,233.4380723,15.93653846,840.2357692,0.3400000036,85.49846154,8.307692308,30.26923077,11.99302729,55.13545118,0,0,0,17.1421566,0.5241730069,23.59206454,1751.078673,5.868359069
160164,2010589,0.107,0,0,5.2,13.92,26.47125,0.25,1.4,2.19,49.3,30501051302,1,-82.00676697,35.10375154,5.452810892,160164,2211.584495,24.40138051,1344.827561,0.2578879323,92.16016368,27.99413991,15.27692996,21.91607514,84.05284265,0,0,0,4.87218523,3.102429603,0.1600985543,9646.277958,108.740502
161840,2010672,0.0615,0,0,11,4.14,9.395,0.518,23.7,2.1,13.7,30502030106,1,-81.34174487,33.67951517,2.824950704,161840,1278.762598,10.14457577,675.8147601,0.1107000133,69.06029267,5.27648797,9.43436049,16.51886397,89.93579215,0,0,0,4.942321777,0.6234631635,3.459198298,2571.171145,7.060960933
163593,2010444,0.168,0.03,0,0,21.12,47.6825,0.579,1.8,3.87,24.9,30501100403,1,-80.69329181,33.92693767,1.807684439,163593,411.5748073,12.10503282,711.4245077,0.124089714,95.86958425,9.32166302,13.30415755,14.53832996,79.32592593,0,0,0,2.609597445,0.7146589036,1.049858017,1606.900058,4.985196281
163756,2010364,0.0803,0.03,0.117,4.1,15.28,23.3725,0.379,1.7,1.88,50.5,30501010904,1,-81.31504343,35.79663217,11.63692502,163756,22245.00916,22.40293889,1582.598035,0.236142427,73.65206672,42.56084339,20.39305479,16.14708529,72.39615057,0,0,0,4.209621906,11.29740628,1.616893415,29913.10627,1534.491269
164519,2010350,0.059,0,0,0,2.78,9.80125,0.181,3.7,1.95,39.9,30501050308,1,-82.1702809,35.43102712,2.336659563,164519,335.8249519,20.02359249,1885.575603,0.2399999946,105.4008043,29.0616622,0.1876675603,23.31432446,72.4971666,0,0,0,1.485960007,0.5093860933,0.04354551797,1572.479834,9.900591606
164593,2010397,0.0723,0.03,0,31.5,37.76,66.51125,1.106,0.6,11.21,30,30501091204,1,-81.76455629,34.35838707,1.510048105,164593,59.31816804,17.32473445,873.9195751,0.2700000107,105.215478,1.062215478,3.490136571,13.56526904,68.87500789,20.63999,10120.38,0,8.244211197,3.129050241,4.395834698,8072.545984,4.132368765
165188,2010646,0.119,0,0,1,1.94,10.28375,0.141,6.4,1.44,16.8,30501090202,6,-82.68766048,35.06262289,2.556546553,165188,3742.33596,19.42461001,2345.482666,0.2332938185,175.6872074,0.0048085014,0.2308080687,34.90002253,64.8173207,839.6247728,576396.25,0,1.257800817,0.2756285149,0.01262706246,992.8694556,181.9728696
165195,2010443,0.0735,0.08,0,0,12,40.805,0.496,1.4,3.87,94.1,30501110109,2,-80.40319376,33.47141289,7.754413973,165195,491164.3143,18.39241057,1011.509606,0.2325588708,95.43624111,13.02297397,10.72275522,12.22079053,86.90495162,12.0850419,0,0,5.621021748,0.9688812286,0.5047491775,9352.859995,34898.48041
166788,2010744,0.0816,0,0,10.8,14.98,19.165,0.2,1.7,1.38,18.7,30601020108,6,-83.35930913,34.71766261,4.220566202,166788,73142.16582,19.78872362,2751.329318,0.243523194,150.9226735,6.966359878,2.237671031,38.61218308,87.09677419,17.0734473,9.389165625,0,0.9655665755,0.885708747,0.7441402903,1108.532143,203.0127096
166789,2010833,0.0714,0.04,0,1,2.53,6.89125,0.066,5.5,1.03,21.5,30601010105,6,-82.92681745,34.97142944,7.075415166,166789,28622.13485,19.71672886,2695.143334,0.2390656149,165.3489282,4.896109777,0.437382872,42.38887175,100,0,0,0,0,0.3570780125,0,5.111159145,3117.28039
168177,2010620,0.121,0,0,17.1,8.11,31.84,0.286,0.8,4.08,23.2,30601060201,2,-81.80827087,33.61734132,2.398056902,168177,8695.304148,11.65263627,1056.75585,0.1176527559,87.00794193,6.743817736,11.1109961,15.89516937,89.19145371,0,0,0,8.733537674,1.497184081,1.675438144,2493.379535,24.10292395
171421,2010621,0.111,0,0,39.3,8.83,20.75125,0.324,1.4,4.42,21.2,30601060204,2,-81.88407483,33.57384336,1.68837903,171421,2076.427481,11.17290429,988.490134,0.1143861384,78.01400755,12.57643436,13.14454226,15.86402071,89.55737705,0,0,0,3.961073875,5.15159385,1.039251476,13562.16262,6.435548236
172103,2010469,0.0128,0.03,0,0,19.52,59.52,0.856,1.95,8.14,64,30602030204,2,-82.07153507,32.43781769,1.87407842,172103,154.1402714,12.48538012,742.9269006,0.1491403566,88.61169591,3.450292398,40.99415205,11.39705763,89.85125372,0,0,0,17.13202477,1.053835296,0.3974149721,1318.694306,14.01963572
172659,2010695,0.085,0.07,0.123,25.9,58.6,81.7425,1.063,0.99,3.34,83.6,30701030307,1,-84.09299157,33.83379957,1.765600457,172659,852.9702082,18.7194783,1266.001283,0.2738025521,94.41960659,69.81350753,0.8534401011,22.14662606,94.3877551,0,16700.2193,0,0.9899054766,16.19248569,0.01687033513,69329.34204,15.06018716
176993,2010453,0.115,0,0.54,2419.6,34.44,150.67625,1.553,0.89,35.74,34513,30702030302,2,-81.41331885,31.05975282,2.244990574,176993,339.3953872,6.431824493,789.4562621,0.1000000015,113.122466,51.43312102,0.3450106157,12.65226973,100,43.57822031,12356.88315,0,0.430036664,2.220551348,5.68e-05,4122.2638,9.584611569
178489,2011066,0.194,0,0,0,3.1,20.7775,0.489,0.9,8.47,46.4,30702040101,2,-82.43715892,30.22723367,1.063969285,178489,1940.024031,6.21473537,532.926976,0.1161808739,94.80741432,5.098966301,0.2364066194,12.44854304,100,0,0,0,0,0.3071845934,0.0006671146466,121.8296038,729.8921013
187306,2010310,0.0171,0,0,0,2.33,13.04625,0.416,2.25,9.22,272.6,30801011008,2,-81.13747106,28.63758424,1.465451282,187306,131.1098892,1.862262825,346.1595221,0.0900000036,159.7870696,38.27160494,1.371742113,12.77787481,74.84315226,0,0,0,10.78627396,4.240372778,0.1134801581,27184.76532,28.16010571
187650,2010335,0.203,0.09,0.595,0,23.84,85.9325,1.428,0.9,14.5,2176.1,30801011303,2,-81.26921427,28.83841346,2.477845697,187650,45853.81821,4.26407503,962.4191358,0.0808218015,155.1603295,9.800634781,7.895899048,9.555006876,44.45903792,0,3360.170725,0,4.300756931,12.52701389,0.04540564713,62461.54447,3549.635576
189773,2010482,0.0021,0,0.132,0,69.87,32.67125,2.316,0.4,15.05,329.7,30801020405,2,-81.84024187,28.84165498,2.476754166,189773,6150.640152,7.7990157,518.15088,0.0795799153,162.9044217,25.7975339,18.11546506,5.954132999,95.85204756,0,0,0,5.565320492,4.920900117,0.2446909795,22106.8249,3833.686873
193393,2011335,0.451,0.03,0,0,5.52,8.32375,0.745,2.5,4.98,126.5,30901011801,2,-81.51218658,27.58046651,1.384016153,193393,160.9773,4.476409666,1082.332566,0.0950697181,99.16168009,63.19018405,32.01338539,10.20678929,83.21492007,0,0,0,16.23867798,9.546217822,0.1511178949,22651.55206,19.49267444
194329,2011023,0.044,0,2.95,0,62.8,168.545,2.305,0.3,15.72,252.5,30902040202,3,-81.4937041,26.42275261,1.293816372,194329,6618.177,5.726300424,427.0884957,0.096871391,106.7295336,13.34928685,37.34890614,9.266399477,12.50753207,0,0,0,44.27106857,9.98211715,0.001951498072,19811.27587,659.8181995
196849,2010232,0.0454,0.21,0.212,0,48,103.0575,1.346,0.5,11.28,341.8,30902010200,3,-80.79687058,26.95017007,1.710225341,196849,374619.2,4.944180516,319.0672082,0.0864248208,141.9666682,3.302606607,42.40658258,11.18738146,80.70527523,0,0,0,0.0353175737,0.1142169848,0.0003294384557,348.6146265,129612.0211
200658,2011436,0.0191,0,0,4.1,63.42,98.4034,1.259,0.6,8.99,259.2,30902061300,3,-80.11499384,26.38939141,1.20947501,200658,301.4629,4.635631155,1995.113996,0.0864577734,87.8603402,79.34944793,0.0895255148,8.813522777,54.66284075,157.2611112,603541.0522,0,0,47.69671423,5.24e-07,361708.4627,8.877086804
201144,2011059,0.188,0,0,0,2.73,1.66125,0.39,2.6,8.78,41.9,30901011703,2,-81.35107657,27.20744941,1.062854552,201144,1193.981,1.550632432,644.5600242,0.0922910561,91.61463304,5.795463109,22.57140704,9.987595772,82.8375183,0,0,0,10.6839304,6.032157309,0.1021977274,9119.103918,35.89872744
208928,2011004,0.005,0.03,0.25,0,29.07,50.71625,1.241,0.9,14.16,233.3,31001010201,2,-81.70722619,28.09210313,1.557347738,208928,1030.035832,5.042130006,580.3783564,0.0506456418,130.815297,33.47894461,29.18049974,10.79655016,86.43916673,0,0,0,14.08872318,15.19582818,0.3552881732,35711.50772,271.8095948
213254,2011074,0.058,0,0,1,12.1,27.38625,0.701,1.7,11.89,30.5,31102020901,2,-83.10299383,31.02664484,1.671221957,213254,1723.040982,10.66047218,1439.27001,0.1369025493,104.7320316,8.43952371,14.76394402,10.82942046,91.09134548,0,0,0,14.8425703,0.8910705157,0.02245030818,2212.156582,333.7305578
220580,2011050,0.133,0,0.317,3,36.6,42.9725,0.853,0.9,8.17,80.3,31200030803,2,-84.56691066,30.43411785,6.806039161,220580,365637.5319,8.943116496,1230.44534,0.1450385469,87.27417197,5.994054385,28.50550331,20.39486763,98.1672394,0,0,0,0.399458617,0.5811637092,0.0172558073,2383.454741,3283.243952
229682,2010712,0.0827,0,0,21.3,10.75,23.56,0.243,1.8,4.04,57.1,31300020201,1,-84.9467561,33.79087124,1.821935273,229682,778.6902947,17.42738831,1590.221859,0.2617182511,99.81535052,5.034642032,6.200923788,20.12793912,85.0896861,4.355970765,899.4475636,0,2.591532946,4.371686614,0.9905293974,31372.09892,19.72631513
230217,2010865,0.104,0,0,7.5,42.4,35.0809,0.511,0.81,3.37,38.3,31300070801,2,-84.29102657,32.07185877,1.325368091,230217,2771.346081,13.20512153,2373.780106,0.1632565883,86.43207627,2.253539421,38.13157553,16.61176646,79.68212073,0,30565.71,0,16.84366226,6.085471181,0.8064689643,18903.86314,13.03985327
233591,2010400,0.0128,0.03,0,8.5,2.24,7.37875,0.314,3.25,6.04,155.2,31401020402,2,-86.40693872,30.38264803,1.379768677,233591,78.71852759,6.522727273,4863.703349,0.0954036483,118.6220096,99.54493743,0,45.09951344,0,0,0,0,0.01997235231,26.21598961,0.01188051798,22790.95906,9.852714276
239285,2010741,0.0807,0.04,0,6.3,9.2,14.78625,0.321,2.2,3.23,146.9,31502020406,7,-87.15656815,33.22770766,2.376023855,239285,149.8995267,18.91521347,1278.14552,0.2769512939,102.9693325,21.4672279,1.623571858,22.75676163,76.2801648,0,482.482,0,0.6205250025,1.036113859,0.007012526807,4510.08801,9.929635068
243038,2010788,0.093,0,0.126,29.8,24.51,35.86125,0.64,1.23,3.53,82.5,31501040902,1,-84.68011625,34.05662425,2.916591327,243038,5052.283398,18.67291936,1550.399903,0.2620482296,91.89668679,73.8457152,1.031772903,19.13598722,66.66666667,0,0,0,0.2782644331,23.47945086,0.0009489969681,48217.95327,122.5837627
243039,2010801,0.119,0.03,0,0,7.41,10.0975,0.279,2.53,2.44,66.2,31501040904,1,-84.70003029,34.06161193,15.90187281,243039,252492.2125,18.80752392,1945.679226,0.2553156953,93.72560913,22.53167805,6.945647409,21.87962005,61.53846154,0,103.9251273,0,0.1310028285,6.696912096,0.03264933834,3927.561784,4554.487658
244053,2010462,0.0083,0.06,0,2,11.95,100.4125,0.776,0.5,6.81,147.1,31602010401,7,-87.85616442,32.51543488,23.09491116,244053,45105.77625,28.01855705,4289.713717,0.3059345161,84.16317344,6.071538317,28.75540249,18.44284857,69.65087282,24.04290343,21883.52722,0,1.881985068,1.817097033,0.01242395749,2800.513616,1684.941389
244599,2010860,0.0915,0,0,33.6,7.15,24.72715,0.275,2.4,2.1,20.1,31601130202,7,-87.68162235,33.29139963,3.656479138,244599,870.9807248,18.96737107,6056.493595,0.25,94.75221723,4.326724494,0.0516315572,21.35312873,63.83894268,2.398776013,410701,0,4.771005154,3.572657321,0.7170487394,5459.293511,92.0921935
244897,2010477,0.0699,0,0.273,0,4.4,15.7875,0.583,2.15,5.9,111.2,31601010801,7,-88.59343618,34.31409398,2.251160045,244897,30.37673208,15.35588235,1453.855882,0.2599999905,110.4176471,31.47058824,7.647058824,22.22025523,39.40120824,0,219,0,11.16545105,1.115567717,0.6716880917,3390.501322,7.251251764
245755,2010428,0.0977,0,0,6.3,32.32,44.61625,0.813,1.2,5.18,35.3,31601060203,7,-88.16828354,33.36714239,1.805910675,245755,118.8183802,16.97047691,6310.044663,0.25,78.80923543,6.888720666,0,20.89675616,80.865507,0,0,0,1.156010747,0.3289031816,0.9981273268,538.1887994,4.144754726
246088,2010429,0.0874,0,0,3,13.36,49.4625,0.955,1.1,3.11,169.8,31601120202,7,-87.35950514,33.48487237,13.42887404,246088,368385.339,17.83770723,2079.60001,0.2828686636,81.4440422,15.20606304,17.18314147,23.94725944,100,0,0,0,0.05809576064,0.100408897,0.009845913301,12.14884081,1664.695224
247915,2010490,0.0661,0,0,0,47.28,52.0075,0.763,1.6,8.43,122,31602010106,7,-87.75048773,32.2108382,1.948098498,247915,96.16849739,22.7294229,5421.807947,0.2636193954,74.1986755,6.156716418,1.679104478,17.94026989,64.01411211,0,0,0,1.795704484,0.1430726942,0.04055462972,312.2670729,14.72184492
248372,2010489,0.0946,0,0,0,13.36,65.2,0.494,1.7,4.51,17.7,31602030101,2,-88.35124613,31.62077612,1.72657124,248372,201.5671133,18.91591875,1194.444497,0.2300000042,63.12942844,2.266666667,2.266666667,17.75108576,91.56001384,0,1433.04,0,2.43015027,0.2917544502,0.6837747173,1153.336636,32.43252443
250466,2010864,0.126,0.07,0.161,10.9,18.41,23.95375,0.429,1.15,3.69,38.8,31700070102,2,-89.43516851,31.30615167,2.3334039,250466,357.654082,18.87703996,1333.172763,0.2199999988,116.6356218,40.76032226,4.405840886,21.69142417,86.33708505,0,5913,0,5.291220665,2.699106974,0.9583566795,11401.56597,84.38813296
258914,2010803,0.112,0,0,5.2,17.14,28.325,0.49,0.9,4.19,348.9,50200030201,0,-79.79444313,39.49314881,1.464396955,258914,307.7592785,22.56126021,669.0735123,0.349999994,249.5563011,8.634772462,9.976662777,23.84944219,71.08771252,116170.696,4097.507951,0,8.166828156,1.807487378,0.1862086187,4847.149656,8.83072272
259075,2010220,0.0493,0,0,0,2.5,3.67625,0.255,3,1.83,49.4,50302030305,0,-80.58970118,38.8217063,7.941253269,259075,41903.0068,20.54911658,1124.704664,0.3103909319,231.638922,3.854240266,3.693172667,25.5498189,61.02941176,0,109.5486116,0,0.7215716839,0.2569579222,0.001967266103,416.1390217,334.3315604
259224,2010221,0.0452,0,0,17.1,18.88,47.80625,0.736,0.48,4.17,258.5,50500080604,6,-82.12584632,38.83778513,1.305077358,259224,37.06877252,20.40656566,1294.025253,0.3219711531,126.3888889,43.50961538,19.47115385,15.22548588,38.624052,26.23871625,5917.598089,2,14.82898521,1.300210807,0.1570107926,1885.506571,9.411228127
259266,2011024,0.0583,0.11,0,3.1,3.96,9.7875,0.23,2.5,3.79,41.3,50500011503,6,-80.8674001,37.04359234,4.453718538,259266,3990.939717,18.74786276,1756.466609,0.3108805117,214.9832423,2.936532997,6.132437187,16.8888418,42.50559284,0,0,0,1.189425349,0.4506349813,0.08068558727,1230.617165,71.2868279
260126,2010570,0.088,0,0,4.1,2.16,9.94125,0.225,6,2.61,76.3,50901040504,6,-82.87325502,38.4864048,4.061613893,260126,1342.699688,17.88921224,471.8251895,0.4199999869,130.938752,3.141115799,0.5291005291,15.65966069,64.36156436,0.2176374581,16.11917047,0,4.529633999,1.164170951,0.1203100826,1100.745934,72.25104802
260287,2010282,0.0612,0,0,0,2.87,8.94625,0.234,1.8,2.8,222.3,51002040404,6,-84.17996174,37.54103985,2.88906968,260287,1760.81086,19.42832974,437.9983595,0.3748969995,136.6279094,4.278484895,3.608853448,19.88723089,31.02731591,0,0,0,5.608618736,1.104991323,0.2468738924,2409.716053,60.50647559
260772,2010193,0.0571,0,0,3.1,16.88,16.17625,0.386,1.2,3.33,79.9,51002050406,6,-84.67899615,37.48710126,1.723325335,260772,188.9639141,17.3480826,398.1494592,0.3700000048,126.9100295,1.613668723,3.227337447,20.55841871,51.25844076,5.876686276,17168,0,24.91319656,2.830535515,0.6782390763,6368.465724,15.44360674
260786,2010309,0.0482,0,0,3.1,28.08,35.195,1.038,0.8,6.96,261.4,51002051306,6,-84.58181159,38.49910224,4.318813889,260786,287.9200053,20.53603604,316.533462,0.3100000024,72.72554698,18.21596244,22.7543036,16.78303607,71.25,0,6.8576502,0,7.422060966,0.6955246528,0.1667970262,1308.319809,31.4950393
262225,2010230,0.0872,0.03,0.15,6.3,4.2,11.0875,0.405,3,4.53,165.1,51100060506,6,-87.52181855,37.40563781,2.564391332,262225,146.6601533,19.13717085,1014.579914,0.4300000072,101.6099204,12.12492345,0,18.44363257,39.40442869,0,0,0,27.29561234,0.8137632575,1.32625646,2772.44974,11.80410181
263193,2011295,0.0527,1.06,0.137,0,34,52.13,1.3,1.1,3.84,345.2,51202011108,5,-86.30588794,39.84620682,3.548748281,263193,40906.76833,20.93313236,3407.221696,0.3657448127,61.06267104,20.87135021,65.9747906,13.12248464,20.52884218,0,0,0,35.42843628,9.618088358,0.2510011721,9794.297171,456.526257
266582,2011316,0.0604,2.35,0.182,1,19.44,35.07625,0.698,1.2,5.8,154.3,51202070803,6,-85.79343109,38.66070224,3.157357455,266582,753.4432892,17.38260034,1113.81627,0.4185707327,55.86505648,5.628585086,45.8293499,15.89716337,25.48858516,0,1441.054122,0,26.14826775,1.216654557,0.7962202527,3778.272554,48.07636603
268130,2011230,0.049,0.3,0,14.8,22.7,76.21625,3.175,0.8,3.19,579.1,51202040201,5,-85.41614927,39.75747679,2.655080749,268130,1305.858154,22.77328829,3652.41026,0.3461525318,61.54726608,4.46114597,92.20850858,13.41191016,7.803035383,0,0,0,72.78688049,0.48174081,1.701998659,478.2228904,4.064380133
268846,2011052,0.048,6.8,0.174,3,22.08,67.7125,2.099,0.95,7.19,413,51201060102,4,-85.65045663,41.22562333,2.160212874,268846,1826.32146,19.4786079,3669.21174,0.352895169,93.40682167,5.357582927,67.70663907,11.77438864,69.07597183,0,0,0,48.67325211,1.162989987,3.48960615,1246.953715,28.29626829
269036,2010994,0.0815,0,0,1413.6,28.57,140.4875,1.673,0.7,2.25,253.2,51301080705,6,-85.58569748,36.04440532,3.302563979,269036,15879.9251,18.49205944,1197.724098,0.3505229032,77.43217371,27.78911333,37.67031672,26.08791924,80.16642012,0,0,0,21.31752205,2.596062136,0.5522962287,3219.338146,24.60287918
270030,2010187,0.0623,0,3.555,13.5,2.2,5.91625,0.121,2.5,1.98,33.6,51301010202,6,-83.70630369,36.68223597,3.609564538,270030,1098.776899,18.98272247,694.9456513,0.3000000119,145.5889457,1.752518221,0.016378675,25.42964278,97.76119403,15.37294347,1043.5508,0,0.01899501495,1.042962594,0.0004608259703,2211.603261,88.52411172
270063,2010825,0.105,0,0,2,13.78,39.8275,0.609,1.3,5.11,88.4,51302060403,6,-87.6569095,36.57870689,1.886400067,270063,513.7485183,16.70415862,1849.911914,0.4199999869,86.53395333,13.90786477,1.891749869,18.10661126,81.90564867,0,0,0,6.060848236,0.5390382803,0.09792410754,278.2879879,30.45003488
270107,2010195,0.0705,0,1.108,19.9,64,48.5825,1.138,0.8,3.89,173.2,51302020307,6,-86.91343259,36.30419416,3.683770336,270107,1431.127324,16.90604955,1174.383914,0.3799660372,77.00754622,5.986668344,24.20450258,19.25775898,92.62785637,9.19065663,12105,0,2.413690329,0.8978692906,0.03875098875,7142.09769,23.6474659
272597,2011011,0.1503,0,0,1,4.99,11.705,0.243,2.35,2.48,13.4,60101010202,6,-81.80409941,36.96197684,2.108664477,272597,941.5996,17.85217476,1690.206917,0.266084923,239.9333527,0.5259634694,0.1338816104,18.54615402,78.22222222,0,0,0,0.5821930766,0.07863033482,0.06834849009,432.7905807,145.4540655
272864,2010353,0.155,0,0,5.2,10.18,15.255,0.515,1.5,2.4,50.8,60101030201,6,-81.88263792,36.14783484,1.255397544,272864,129.689,16.47361111,1748.6875,0.25,215.51875,11.52777778,1.458333333,26.87944108,60.18893387,0,11437.31975,0,7.520610332,1.518089965,0.001874353723,4572.718204,4.172020295
272935,2010396,0.0565,0,0,1,3.8,9.63625,0.25,2.8,1.77,20.3,60101050201,6,-82.71685241,35.14831556,3.110635812,272935,255.2124,20.25969406,3572.134827,0.2399999946,187.8993241,46.28450106,0.7077140835,44.47062612,24.96551724,0,2592.40922,0,3.84818697,0.9599298145,0.01627334447,3527.918596,33.65479827
273196,2010716,0.0431,0,0,0,2.01,6.62375,0.084,5.6,1.01,16.8,60102020303,6,-83.66921229,35.17993319,3.981332797,273196,23013.44,16.35317465,2078.641103,0.2532732806,227.7825621,3.675639747,0.0355795359,40.01664879,89.47368421,0,0,0,0.1005419791,0.10711231,0.0007925455838,187.9276001,558.7075928
273907,2010721,0.183,0,0,4.1,2.98,41.27,0.476,2.1,1.87,190.9,60200011204,6,-85.57027762,35.01924747,5.475974413,273907,151232.7,20.05333587,1458.676834,0.3032957225,94.59396964,17.11067232,8.786622582,27.25637968,83.85927827,0.3102383429,0,0,2.195663929,0.84334687,1.147641771,4486.607153,2803.97134
275326,2010207,0.0604,0,0.118,172.5,114.05,409.8625,1.445,0.7,2.97,208.9,60400020302,6,-86.38167781,35.37130119,1.769511293,275326,229.8769,18.52014079,1248.634337,0.3100000024,56.81071568,5.514274541,43.01916308,25.38442323,34.42684203,0,0,0,9.411538124,0.7420828004,4.216699867,3285.47537,12.38020652
275510,2010244,0.0809,0.88,0,0,53.92,196.64375,1.795,0.4,5.19,101.5,60400060303,7,-88.48988242,36.87537763,1.28599171,275510,974.5341,16.07636196,3744.143121,0.4203102507,73.90092336,6.731301939,36.52816251,18.87507312,60.82276881,0,338.667,0,25.66770744,0.2525804378,3.100096989,1735.84449,14.74930413
275568,2010182,0.0656,0,5.12,4.1,52.16,463.12625,1.278,0.5,3.9,128.7,60400030203,7,-87.03230903,35.67424503,1.499747511,275568,91.33575,19.125,830.563,0.3348371271,71.421,1.184600197,70.87857848,22.72366382,51.82677568,0,0,0,10.1391468,2.261024133,0.4783915563,6570.810446,41.01085007
275571,2010818,0.0588,0,0,1,60.32,107.77875,1.465,0.7,5.6,142.2,60400020502,7,-86.83963526,35.40256698,2.307443281,275571,310.2026,18.47550015,1120.290229,0.3100000024,67.75616121,6.494636126,31.28443027,25.00179613,47.49563016,0,15792.5,0,8.555245399,3.741250253,0.4707932777,14335.31926,11.37779965
278354,2010611,0.0841,0,0,1,8.61,15.09125,0.396,1.71,3.64,60.2,80102070202,7,-88.72390976,34.6532565,2.696334059,278354,369.0025,16.79227663,1588.324836,0.2820647697,100.8142352,11.541271,1.241782323,22.97141515,28.53382359,0,608.0006363,0,8.754482269,0.5521225569,0.1489718528,1077.773428,60.72437843
280120,2011028,0.0788,1.63,0,307.6,61.12,694.425,1.378,0.7,10.82,362.8,80102020404,7,-89.33764367,36.50151923,2.513895266,280120,6.885567,25.86842105,5320.486842,0.3300000131,92.17105263,0,2.631578947,19.73763224,31.74557105,0,0,0,32.57786179,0.5578347399,0.1783814662,2218.427188,4.094436355
284216,2010713,0.0493,0.07,0.63,63.1,60.5,151.1075,1.596,0.58,8.86,100.7,80302060407,7,-90.36016346,33.14128654,1.989093293,284216,362.8051,29.941145,6947.894329,0.357383321,108.5489567,3.326713009,66.68321748,18.67009452,36.73147662,0,0,0,32.93442154,0.1887260645,0.05554546884,129.5073669,77.33491394
284642,2010476,0.0914,0.54,0,0,10.69,29.41625,0.504,1.4,3.46,82.4,80302010904,7,-89.64470651,34.4796241,9.818230004,284642,335832.1,16.17506796,2391.581859,0.3597839998,78.17247646,5.599378046,26.15538978,22.29150236,75.02930832,0,0,0,2.264348507,0.401697833,0.02705838111,951.9257597,16224.97985
287042,2011209,0.0832,0.72,0,0,16.32,54.89375,0.505,0.9,4.69,82.2,80302040506,7,-90.06401778,34.71835563,5.583306586,287042,250449.8,15.28325536,4360.568111,0.4507130631,73.13639659,8.651300281,44.05343713,19.5826234,58.52791093,0,0,0,4.350568295,2.09511337,0.1089140667,4940.672715,4609.147066
288071,2011349,0.0831,0.03,0,0,4.88,14.24375,0.401,2.88,3.78,28.3,80302050308,7,-89.7637801,34.0050892,2.042878542,288071,93.89885,15.18066406,1489.524414,0.3700000048,94.38378906,4.995196926,14.69740634,20.75687669,31.69498817,0,2190,0,8.719470978,0.6870000177,0.1646807,1040.62916,22.505271
289009,2010674,0.177,0,0,1,9.9,31.11,0.464,1.5,7.04,45.1,80402060303,7,-92.66052192,33.07575093,1.801047986,289009,104.4459,13.1641791,1489.556903,0.2521551663,88.28171642,7.672413793,0,13.54480184,100,0,111.01,0,0.726813674,0.9052219126,1.050318454,502.5787683,6.900243854
289171,2010669,0.0812,0.13,0,3.1,36.24,66.84,0.904,0.55,6.07,37,80403040704,7,-92.23538615,31.44053017,3.084170406,289171,109.1078,17.0704918,1350.338525,0.4900000095,91.95245902,28.93442623,16.31147541,18.06360701,95.16757599,0,0,0,3.117834568,0.5486216039,0.001917207904,811.3231894,5.508163439
289504,2010750,0.0893,0.09,0,2,51.2,66.3125,0.689,1.2,7.51,43.4,80402070201,7,-92.04722369,32.59037226,2.652245858,289504,1904.618,20.73256979,1941.848151,0.3865899192,75.43412073,5.257186082,16.89674735,15.49508559,58.67348103,7.032973457,9340.463213,0,17.13334084,2.335208717,0.5191172464,6946.461323,323.828762
292020,2010505,0.0664,0.63,0.129,2,68,119.11375,1.293,0.5,5.55,209.1,80403060104,7,-91.50870752,31.66671152,4.060514715,292020,1868.948,29.98605172,4598.099207,0.4054374794,88.32284667,5.42400616,77.31735489,18.31645201,37.46493689,0,4730.86,0,18.96576118,1.426881873,0.0002225926813,5170.70865,415.1507997
292221,2010808,0.129,0,0,0,54.93,118.70125,0.798,0.65,7.1,55.1,80402010803,7,-92.52255553,33.34502126,2.946701269,292221,3580.939,18.07448733,1585.960495,0.3899999857,66.85110072,3.156413349,0.0854443104,13.82029089,54.31034483,742.0292891,34119.418,0,0.3302074373,0.6705507695,0.5007657949,96.17504191,12.59760039
292666,2010231,0.0785,0,0.114,0,6.67,13.915,0.303,1.85,2.97,49.6,80401010802,7,-93.12637784,34.43420297,15.05573671,292666,88299.33,14.8414897,1467.986719,0.3571205097,73.84914377,11.71895784,13.18775183,19.45015655,99.41690962,0,4327.775,0,2.723767996,1.672189255,1.499490065,6573.354588,2700.491143
293899,2010762,0.0404,0.3,0.111,0,25.6,46.7775,0.705,1.5,4.74,50.8,80500011404,7,-92.0015005,32.03988332,3.205816799,293899,140.0654,21.06004448,2239.877687,0.4126070159,94.93550778,22.36421725,48.43450479,15.88580078,59.84516784,0,0,0,12.02102089,0.2924870328,0.007779552556,630.9782155,87.85546441
294762,2010928,0.158,0.19,0.523,3,41.6,99.93,0.969,0.75,6.23,47.1,80500010602,7,-91.70173186,32.71191086,2.620272269,294762,38912.44,30.31181889,6397.156528,0.3878790222,83.25434554,3.355675206,83.80584312,15.97262851,37.10995121,0,0,0,39.05802917,0.3360922876,0.02085385794,461.9488099,58.70929841
297391,2010854,0.0699,0.16,0,0,16.2,68.0025,0.605,0.85,4.17,301.9,80601000302,7,-91.37470116,31.70524548,3.29758233,297391,1061.92,28.9488524,2492.948165,0.4013067474,96.38433766,1.467967756,27.67076793,18.04500854,67.45021221,0,0,0,3.412280321,0.4406444699,0.02929022668,1246.445471,67.2127282
298913,2011001,0.2102,0.43,0,56.3,79.6,236.06125,1.456,0.4,4.48,118.3,80702020803,2,-91.16741106,30.42542342,1.755375683,298913,190.9793,22.06439212,1997.739548,0.4339773823,114.2652571,98.96324222,0.3770028275,21.10247664,61.58245949,859.3619403,3455929.628,0,0.4455951452,36.2741412,0.003824259068,112540.8663,21.17068263
300527,2011081,0.0077,0,0.176,1,15.31,41.8425,0.715,2.1,4.59,37.2,80702030304,2,-90.50068345,30.54651991,1.221842238,300527,23.42618,14.27862595,1054.603053,0.3400000036,117.4961832,37.78625954,5.72519084,22.15338226,63.07692308,0,14446.47172,0,9.984909058,10.03534251,0.5432401688,12351.53867,5.993821135
303903,2010451,0.0782,0.03,0,5.1,15.88,79.6075,0.674,0.25,5.33,20,80802010101,2,-92.47061415,30.8404648,3.590812393,303903,1780.834,15.03643515,1102.774661,0.4781591449,73.3311769,1.499545592,0.3887710795,19.51676096,96.97211155,0,4735.97001,0,2.307389736,0.5197171554,0.0008073559066,266.1838817,160.4585465
310966,2010324,0.0238,0.27,2.755,0,1.78,51.51375,3.18,23.7,33.5,6949.2,90100030202,8,-100.2787943,47.84876888,1.60652403,310966,210.6053,24.96386073,4887.381666,0.2199999988,71.34156016,5.37084399,80.13640239,0.2070362159,96.4427479,0,0,0,25.87685013,0.3986150605,0.06075948434,293.0225233,22.5667042
312250,2010553,0.0312,0.04,0.151,5.2,10.56,63.0075,2.316,1.1,25.02,1809.2,90100040102,8,-99.98052463,48.87749248,1.265928576,312250,32.89835,25.57063712,7453.65928,0.2599999905,169.2631579,6.648199446,0,0.5076626822,86.57357885,0,0,0,13.22042656,0.3397812692,0.01515767193,1206.211373,4.771651777
312929,2010650,0.0434,0,0.16,15.6,79.71,263.7525,2.731,1,17.3,366,90100040501,8,-100.3713728,48.97319809,1.605210785,312929,11.56278,28.28682171,7487.286822,0.2599999905,139.8527132,0,49.6124031,0.5013079281,76.20085071,0,0,0,11.00065517,0.439765247,0.001611755299,402.8450533,6.037221055
313804,2010509,0.0392,0.03,0,2,27.54,4143.575,5.85,0.8,43.74,5501.3,90100040306,8,-99.97729494,48.67470439,1.06293421,313804,188.3762,23.57942919,2292.15455,0.2799618878,85.18362951,4.81181515,81.56264888,0.5129615797,88.8195503,0,0,0,23.59433556,0.3122625571,0.02711797341,156.5542528,23.95373792
313853,2011499,0.0883,0,0,2,5.46,29.3825,1.36,2.2,14.61,456.9,90100040302,8,-99.79225517,48.91852866,1.67905389,313853,36.28062,23.87988827,7674.678771,0.2599999905,185.1648045,2.195121951,0.243902439,0.4962053244,86.11787535,0,0,0,12.32970619,0.9458413013,0.01373975544,4096.961817,23.93937925
313928,2010508,0.0677,0,0,0,5.68,42.78875,1.35,2.5,11.77,567,90203150301,8,-99.83556868,48.95598829,1.706424728,313928,59.85603,24.30313015,9647.672158,0.2599999905,185.1350906,2.861445783,0,0.4997973705,99.48051948,0,0,0,5.746796131,0.04411095953,0.006158506793,4.576117911,38.84396134
314262,2010314,0.0285,0.21,0,0,9.76,508.1025,1.69,1,16.76,1241.8,90201050505,8,-97.23863417,46.09900923,1.260237938,314262,5398.85,24.87244701,6350.120997,0.2588302953,67.35757871,3.782891996,82.67702101,0.9204318465,89.39042379,0,0,0,69.63148499,0.5853004292,0.8470161101,653.5773782,270.3597821
315059,2011494,0.0916,0,1.077,28.1,8.69,105.00625,1.803,0.05,14.81,343.3,90203150301,8,-99.88079606,48.9429588,2.442938666,315059,123.999,26.47955092,8066.655172,0.2599999905,169.2068966,4.212055193,0.4357298475,0.4997973705,99.48051948,0,0,0,5.746796131,0.04411095953,0.006158506793,4.576117911,43.76105726
315131,2010492,0.0504,0.05,0.786,1,120,197.45,3.15,0.45,18.48,1688.6,90202011102,8,-98.89013953,48.25718332,1.396288143,315131,241.521,27.85008375,3066.613903,0.3022255401,96.48241206,3.833271306,83.02940082,0.3398736535,88.97426912,0,0,0,37.39939117,0.3373424778,0.01840651763,105.5606775,100.5989966
316224,2010603,0.0406,0.03,1.051,0,15.2,104.3175,2.226,0.7,19.79,395,90202020904,8,-98.97183657,47.90432629,1.068026243,316224,38.28473,25.39650873,3003.900249,0.3000000119,83.49625935,0.7109004739,78.67298578,0.2781993333,84.60975052,0,0,0,33.87739182,0.1936994944,0.02497119702,170.8647657,4.085274498
316427,2010430,0.024,0.28,3.59,0,371.2,703.263,10.925,0.15,27.89,3918.4,90201050601,8,-97.45275808,46.25251212,1.153736186,316427,44.72942,26.41190476,5566.257143,0.2599999905,74.57142857,34.34343434,43.43434343,0.7078222569,76.56665603,0,0,0,52.98703384,1.026353755,0.2874309187,642.6946004,9.840584678
316605,2010493,0.0426,0,0.163,2,73,347.93625,3.275,0.25,24.24,2426.3,90202010103,8,-99.18487376,48.54740128,1.070251664,316605,296.9916,24.5726601,4536.620998,0.2712374818,82.19334975,3.488019412,29.36002426,0.4031973282,54.60008057,0,0,0,30.04235268,0.4290106226,0.04130143686,179.7478181,16.64842091
317229,2010840,0.225,0,0,0,6.46,15.4375,0.211,3.4,3.12,16.6,100200040602,11,-113.550227,45.86782381,1.420380215,317229,150.0199,9.798088411,1036.848268,0.1654420559,207.4545998,0,0,11.51636252,0,0,0,0,0.272739321,0.01127563964,0.002355233007,4.300746558,7.630814141
318031,2010849,0.0264,0,0,0,1.35,15.66965,1.111,23.7,14.8,804.5,100302020104,11,-113.1089263,48.62092995,1.051492268,318031,132.3573,24.60368349,3198.901091,0.3700000048,86.07639836,0,0,5.069718757,87.81878372,0,0,0,1.616734743,0.1342131115,0.01975693627,652.533467,19.8026643
318415,2011186,0.0415,0.03,0,13.2,0.73,9.9925,0.141,4.4,1.95,341.9,100302050401,8,-112.3066617,47.88000507,1.716504286,318415,38139.57,16.43777366,1591.85695,0.2940152568,146.9957914,0,0.4672467133,6.871957451,70.84577114,0,153502.88,0,2.164337873,0.2664108731,0.03333359207,725.6889765,169.9723573
319208,2011174,0.0331,0,0,0,0.99,12.3175,0.254,6.1,2.61,436.8,100301040304,11,-112.4486602,47.55762802,1.947247909,319208,18147.25,19.84162626,2085.571387,0.3501823813,83.83854125,0,1.741463802,5.90305815,87.79069767,0,0,0,0.2898347974,0.1145206284,0.001465493054,10.92986809,535.53456
319257,2010828,0.0281,0.06,0,0,3.87,16.90625,0.908,23.7,13.16,609.6,100302010204,8,-112.8559381,48.32613831,2.446462111,319257,717.2869,23.34086629,2627.243315,0.355943517,76.9388575,2.146892655,0,14.98039611,82.02247191,0,0,0,0,0.08630590365,0,52.65445877,19.42704248
322453,2011199,0.0274,0,1.188,1,46.98,2169.975,3.125,1,24.53,1584.2,100500020104,8,-112.1681068,48.89393742,1.24665687,322453,179.596,26.40611588,3446.773605,0.3700000048,58.42703863,0,80.29160382,1.986947356,19.3949709,0,0,0,10.76898193,0.08795791285,0.1283979723,23.45971084,23.91399883
322539,2010424,0.0332,0,0,4.1,94.47,266.48125,2.425,0.3,13.42,3428.6,100500140106,8,-108.3836972,48.08450055,1.341299795,322539,2044.22,27.23975013,3222.001848,0.3613338028,34.89776526,0,0,0.4686764191,56.97988824,0,0,0,2.135817051,0.2263840647,0.02799108282,20.49102254,15.07964503
322841,2010474,0.034,0,1.083,1,10.24,978.675,2.406,23.7,23.03,618.4,100500041801,8,-108.0096663,48.83438702,1.678675728,322841,4099.274,27.64064322,4387.398755,0.3741232847,42.15662465,0.5378586639,30.6557485,0.29014916,57.73296532,0,0,0,2.19572711,0.08885339999,0.02928597903,49.1314775,77.95554566
323197,2011047,0.0499,0,0.132,1,2.18,19.82625,0.534,2.5,5.61,801.9,100500140702,8,-107.5496301,48.49464508,3.605791198,323197,6368.223,29.31677845,4952.657883,0.3752952359,36.40202937,0.7563227165,1.905650508,0.3904976814,53.83225806,0,0,0,0.6366090775,0.3602674647,0.008339259311,30.69383569,1664.27228
323991,2010322,0.0091,0,0,1,12.76,108.71,2.239,0.6,22.29,2691,100600061306,8,-104.4054904,48.46357286,2.921632612,323991,285624,25.96294155,3471.899295,0.3755897014,47.46586958,1.846486384,50.18811286,0.4688485879,71.95009301,0,14.7,0,9.414566994,0.2772998944,0.01703278472,316.1500713,3649.199193
323994,2011041,0.0388,0,0,0,7.35,25.20875,0.561,2.2,6.35,3083.1,100600010102,8,-106.441843,48.0550076,1.384610106,323994,170.4037,35.71839392,4370.880087,0.3214846163,37.2799783,3.658536585,71.04984093,0.5002158169,24.96281354,0,0,0,7.54034996,0.7216636786,0.01131218405,335.1886898,23.61631579
325238,2011149,0.0198,0,0,0,4.35,59.3125,0.719,2,8.7,625.9,100700030102,11,-110.6917826,46.03858464,2.157087805,325238,8316.259,22.9321168,1651.343128,0.3471064332,69.04456999,1.116738086,4.49833355,4.828408211,47.17254712,0,0,0,3.363874674,0.1341149363,0.07985806357,14.85694176,86.74805183
325987,2010724,0.0231,0,0,2,2.07,15.88,0.193,2.5,1.97,439.8,100700060501,11,-109.2585782,44.7860321,1.515428504,325987,188.1509,23.62572534,2112.987427,0.3000000119,26.45551257,0,0,10.64291595,93.92971246,0,0,0,1.102220774,0.1028796405,0.002058827092,8.571462556,18.12910787
326226,2010776,0.0506,0,0,0,27.68,126.85,0.885,3,6.72,470.4,100800140104,14,-109.1107747,44.28241661,1.26617449,326226,1179.3,18.55627059,1479.011568,0.2952149369,113.0685666,0,0,6.304391528,63.78794357,0,0,0,12.85982895,0.2542822773,0.02514502715,299.0419529,12.52599478
326892,2010779,0.0109,0,0,214.2,10.76,792.568,2.006,0.2,10.16,479.6,100800040204,8,-107.7369711,42.91732667,2.193765435,326892,3507.006,19.6806315,4063.330715,0.3191754525,9.38010525,0,0,0,0,0,0,0,0,0.02976632473,0,0,6.041189862
328641,2010670,0.0574,0,0,1,1.71,18.03625,0.319,2.2,5.07,213.4,100902050103,8,-106.7586303,44.18402186,1.369703238,328641,12072.17,14.58883536,975.2254403,0.206691786,154.4539455,1.040035786,0,5.219298894,59.80473047,0,0,0,1.809454203,0.2157625514,0.069175806,29.04456925,14.79181876
331220,2010510,0.0416,0,1.01,1,38.9,62.92875,4.206,0.45,38.37,2081.7,101101011101,8,-103.0631502,48.66521029,1.410400671,331220,663.6,27.04496403,4750.330382,0.3000000119,59.60431655,4.024935628,61.32267245,0.4759246629,99.87088569,0,0,0,17.13217926,0.4120492423,0.0178551974,51.26761732,13.59998359
331466,2010248,0.0469,0,0.637,5.2,13.93,562.808,3.493,2.3,29.84,2289.1,101101012201,8,-101.8955531,48.35195117,2.07164204,331466,107.0228,30.03037975,5596.297046,0.3000000119,82.66751055,5.82278481,76.87763713,0.4883085992,91.46525877,0,0,0,25.94074821,0.5901555935,0.02324163125,54.5149304,9.779276697
331891,2010535,0.0409,0,14.91,0,50.4,1071.431,4.238,0.45,32.03,1842.6,101101011601,8,-102.2659312,48.47292516,1.453699639,331891,259.0074,26.51543531,4042.53035,0.3000000119,77.51439473,3.329864724,33.29864724,0.5020803782,99.99651033,0,0,0,7.645115852,0.3002380311,0.001806988297,45.78385422,6.012642415
332034,2010317,0.0499,0.05,0,0,3.43,268.28125,5.138,0.5,34.55,7232.2,101101013100,8,-101.5129026,47.8644581,1.991501881,332034,1277.326,25.91411043,4325.136967,0.2896263364,59.68469111,4.011562324,61.85138184,0.3911824956,99.38238658,0,0,0,20.2604084,0.2227165807,0.03510729912,224.0075487,50.86374926
333514,2010318,0.0173,0,0.338,1,14.64,90.04625,2.904,1.7,30.75,2145.6,101101011604,8,-102.1525386,48.38936372,1.228245625,333514,96.48472,26.62430427,4479.872913,0.3000000119,75.13914657,0,19.10946197,0.4994902528,98.3121025,0,0,0,8.56933403,0.3327973184,0.00169217847,102.8135556,4.885285895
334169,2010267,0.053,0,0.157,3,17.12,30.2375,1.268,1.8,13.07,1197.1,101101013100,8,-101.534399,48.00832954,1.898943903,334169,2958.895,27.45371055,4180.160719,0.2575001601,70.65227441,2.560983028,33.71555447,0.3911824956,99.38238658,0,0,0,20.2604084,0.2227165807,0.03510729912,224.0075487,73.86020643
336329,2011009,0.037,0.05,0,0,178.56,339.24125,4.306,0.4,20.01,5459.2,101201130202,8,-103.0031875,44.87115649,1.701718473,336329,76.50878,37.48364486,2945.461449,0.3045327124,17.98831776,0,0,0.8965621698,92.80397022,0,0,0,0.05786700919,0.1122013415,0.001826881351,0.650933943,4.001299494
336458,2010760,0.0446,0.45,0.498,2,4.44,509.00375,2.528,23.7,27.32,4159,101201120604,8,-101.7612052,44.39667769,2.657496816,336458,661.7705,37.65028509,5424.715721,0.3700000048,31.47461309,0.434428455,49.86424111,0.4908607873,76.15956482,0,0,0,8.743672371,0.04692516177,0.363986692,15.72109412,7.771796241
337055,2011328,0.0906,0.04,0,0,17.04,26.03,0.546,2.2,6.95,328.7,101201090602,8,-103.5168495,43.76829689,2.310617182,337055,19866.24,16.44608541,4281.022196,0.29444724,117.2929616,3.567982387,0.1889091741,1.383980979,30.72916667,0,7482.586441,0,3.259071589,0.5546383869,0.4968799313,935.4066464,50.72890513
337616,2010965,0.0879,0.06,0,0,3.11,286.4425,2.159,23.7,24.19,1298.9,101303030907,8,-101.4047143,45.58013121,2.229037306,337616,198.2883,22.16726944,2366.688065,0.3000000119,26.90687161,4.023508137,18.8517179,0.6200214339,57.67223382,0,0,0,4.321585178,0.09496340153,0.08636298997,16.67716316,4.925809735
338163,2011029,0.0321,2.54,0,0,28.2,184.745,4.463,0.35,38.09,9604.2,101301051703,8,-99.74589053,44.88024434,1.411077239,338163,10755.86,26.53065539,5433.41366,0.3083178155,44.21334535,2.454044195,45.34585038,0.2213500917,73.51173419,0,0,0,19.38854027,0.1952104305,0.2587286539,23.94459611,414.2395039
338889,2010198,0.0428,0,0.761,22.1,66.8,266.94625,5.156,0.4,27.05,3400,101301040103,8,-99.48553955,46.35912795,1.287690406,338889,152.1019,26.10702341,4295.038796,0.2840023718,82.65685619,2.302243211,4.722550177,0.5093572727,94.83875188,0,0,0,10.70457554,0.1619436533,0.07706937184,30.70957385,32.7280828
339756,2010394,0.0344,0.05,0.267,1,27.2,125.16625,4.838,0.4,32.89,2423.7,101301030306,8,-99.63197456,47.07470465,1.91719076,339756,409.3377,24.50133254,6859.454842,0.2246315739,73.34823808,3.552631579,14.86842105,0.2050290269,99.90523822,0,0,0,13.17117786,0.1987255037,0.04684595289,38.53424181,137.708496
339915,2010199,0.0461,0,1.1,8.4,87.2,523.64125,5.294,0.25,25.2,1903.8,101301040103,8,-99.52003501,46.36835453,2.315460686,339915,2038.057,26.2655413,3816.774882,0.2906894662,74.86189512,2.402720728,17.97182103,0.5093572727,94.83875188,0,0,0,10.70457554,0.1619436533,0.07706937184,30.70957385,103.6826178
340659,2011253,0.0381,0.05,0,2,16.29,71.45,1.359,0.6,9.91,3907.7,101301060310,8,-99.64135696,45.77189527,2.347512991,340659,775.5547,23.45150931,4859.64894,0.2977968734,54.87206166,15.48461985,17.06326175,0.3489872333,98.79663057,0,0,0,5.449992657,0.8269597661,0.6961723363,944.6286088,76.25831755
340691,2010268,0.0526,0.03,2.023,13.2,60.89,120.26125,2.395,0.5,13.64,765.3,101301030304,8,-99.47838402,47.03402989,1.444023237,340691,203.8989,25.60875912,7235.19854,0.2399999946,82.95425791,3.480176212,22.95154185,0.2432569263,99.93719645,0,0,0,7.477440357,0.09188100403,0.02636717979,30.63849038,14.55109365
340765,2011216,0.0298,0,0.185,12.1,6.51,40.354,2.185,1.4,23.18,5467.2,101301060308,8,-99.2828949,45.81103793,1.781469026,340765,1137.481,24.77877861,4559.197752,0.2928973705,58.59119081,1.731772893,51.27312984,0.3402089571,99.83855117,0,0,0,6.005406857,0.3000058028,0.7748665496,53.01167073,47.99940017
340820,2010188,0.0295,0,0.283,0,26.4,207.63875,3.174,0.8,27.45,2311.8,101301010602,8,-100.3904476,47.27224395,1.537855432,340820,1128.004,28.45226364,5493.579994,0.2989746533,83.30222181,2.352096954,43.25466433,0.1880248589,93.77657518,0,0,0,7.61280489,0.1197093469,0.01595781028,26.69955513,195.4659977
341254,2010569,0.0346,0.03,0,1,128.59,444.01125,4.7,0.3,26.9,4056.4,101303031305,8,-101.087875,45.78251304,2.675217422,341254,981.0799,21.04940438,3101.103334,0.2795795763,35.10518053,0,0,0.6177532493,70.63781775,0,0,0,4.532547951,0.1044517941,0.08954885944,192.4648014,13.99010375
341511,2010224,0.0481,0.03,0.116,4.1,40.57,105.3675,2.658,0.45,18.85,1137.7,101301030301,8,-99.80800381,47.26847528,2.134135823,341511,181.0524,30.06762749,5535.267184,0.2608192621,70.39467849,5.114200596,45.13406157,0.1895101709,95.32769856,0,0,0,6.637576103,0.1416437147,0.02262898671,35.42507829,32.63914302
341525,2010185,0.0301,0.03,0.61,4.1,9.34,49.725,1.866,1,17.13,666.3,101301030307,8,-99.73048599,47.0802497,1.121761923,341525,55.02823,22.8699187,6012.884553,0.2399999946,64.42439024,2.926829268,29.43089431,0.1981349843,98.62991976,0,0,0,12.93284512,0.1689906563,0.04700417781,24.25291893,7.40175805
341692,2010406,0.0615,0,0.111,1,13.44,52.41,1.21,2,11.53,2221.7,101302020610,8,-101.8534098,46.61004602,5.260695696,341692,338136.5,25.95720492,1936.552448,0.2996611183,43.99754736,4.065517798,50.26139939,0.9964349374,70.73964364,0,0,0,8.45702076,0.1887858725,0.08053609176,17.5042156,1349.507094
341705,2010491,0.0416,0.07,0,8.6,20.64,221.83875,2.6,2.1,27.33,3364.6,101301030403,8,-99.40852167,46.84752831,1.797734605,341705,641.9066,28.26082381,6093.556675,0.2796015144,76.73045701,1.753893644,27.05205556,0.3417424539,94.81024976,0,0,0,9.626384735,0.328789715,0.03599123915,48.54211464,177.9433959
342039,2010630,0.0473,0.25,0,0,1.49,366.39,2.881,0.95,31.44,4648.3,101303060602,8,-101.6427974,45.07731044,1.962601029,342039,978.7388,28.89051095,5007.980597,0.3346890337,29.66913056,1.956821314,71.54800184,0.5407574927,43.45316859,0,0,0,11.40377808,0.4948283545,0.5073646316,643.3788123,21.87408863
342398,2010179,0.0219,0,0.447,0,6.14,63.3475,2.75,1.3,27.17,3206.2,101301030505,8,-99.77118222,47.17329601,1.208405423,342398,584.9196,25.39816717,5056.415389,0.2894757074,76.79965239,3.782287823,31.01168512,0.1839315333,93.25619711,0,0,0,11.40801811,0.2639758003,0.03911696546,79.10167237,36.41036603
343492,2010552,0.075,0,0,2,3.29,16.42,0.289,3.3,3.55,816.4,101301052002,8,-100.7008666,44.64709591,20.6449597,343492,566961.1,35.78069973,4374.057896,0.3439958934,38.72038254,1.008618154,18.67925454,0.4194359684,92.17609013,0,0,0,0.9593263865,0.1012139914,0.01214596952,8.41368565,72847.30644
343711,2011019,0.0427,0,0,0,4.07,93.6675,1.776,2.1,19.93,5550.1,101303060304,8,-102.404402,45.46769693,3.359222781,343711,2747.811,25.94998022,3326.932439,0.3132445489,30.45647586,3.973791974,75.62325962,0.69447941,32.3551808,0,0,0,16.60329819,0.3166565808,0.4981509871,177.3724038,55.22427482
344150,2010265,0.0335,0.45,0,7.5,19.36,1174.063,7.475,0.49,49.74,3627.3,101301060602,8,-99.77572113,45.55623639,1.163910894,344150,199.9461,25.37815884,5077.370939,0.2938086636,62.22698556,4.693140794,50.09025271,0.3662545653,90.00379098,0,0,0,21.5284977,0.2411496804,0.3929251021,34.3591272,9.802654636
344255,2010210,0.0358,0.03,0,0,1.58,118.25625,3.038,1.9,27.19,4249.3,101301030405,8,-99.41640506,46.89266176,2.081709514,344255,240.8858,27.82548938,6665.206997,0.305223099,87.07996668,1.949756281,20.35995501,0.3035979928,98.5316515,0,0,0,9.014109612,0.3276486686,0.0334441897,69.23155745,15.91415967
345199,2011240,0.0411,0.05,0,6.3,4.6,19.8625,0.39,1.1,3.75,886.1,101401011404,8,-99.23805974,43.44098287,10.59173921,345199,2608418,29.67708872,5332.21759,0.3359470291,35.51537165,1.432315639,16.49442798,0.9181997016,94.63394343,0,0,0,2.723670006,0.08514523383,0.06229578368,50.14819134,33251.77436
345901,2010784,0.0685,0.08,0,1,33.97,275.62375,1.423,1,13.01,1125.6,101401021803,8,-100.4098036,44.14706622,1.473918671,345901,1208.243,43.20451498,3980.272016,0.3603054682,39.19237073,1.884964983,9.007599464,0.6104741408,86.8309588,0,0,0,2.313526869,0.1832774317,0.02993469467,11.01153196,4.383478273
346238,2010649,0.04,0.1,3.47,68.3,29.77,40.45375,36.375,0.8,23.92,6152.1,101401020903,8,-101.1494765,43.88807983,2.033539254,346238,1517.655,37.8742515,4839.304737,0.3600000143,33.49291516,4.612557064,34.64160787,0.7285985553,73.86440221,0,0,0,8.268159866,0.5025242929,0.5024511645,7.334697854,20.23485755
347275,2010202,0.0536,0.08,8.02,3,59.36,255.39,2.8,0.3,10.78,462.2,101401030301,8,-99.31403856,44.47717521,2.056851286,347275,1310.123,29.63750086,5566.761289,0.3004763329,68.10619287,1.525878067,13.65729603,0.2965196815,85.18575989,0,0,0,7.612735271,0.1952713863,0.188738801,53.00823006,4.554785302
348146,2011184,0.0597,0.06,0.85,0,28.13,133.41875,2.713,0.85,21.05,437.7,101500041102,8,-100.5299744,42.50470179,1.269825964,348146,458.3086,13.82799501,14845.38748,0.1700000018,39.45424293,2.554027505,0,3.775787679,96.64902998,0,0,0,0.7552041411,0.05907132682,0.07506403841,12.56528451,14.18137891
348357,2010511,0.0595,0.14,1.52,76.3,152,266.781,7.45,0.2,46.71,1062.9,101500041103,8,-100.5247706,42.55824502,1.174009837,348357,52.76708,15.02956522,14307.39652,0.1700000018,36.41913043,4.384485666,0,3.679041507,92.43697479,0,0,0,0.2286602557,0.1360520186,0.02869839867,15.62627674,9.112923229
348700,2010258,0.0244,0,0,1,6.12,35.115,0.564,3.7,5.45,395.9,101500020608,8,-103.0922179,42.45921692,2.590155474,348700,320100.6,17.32318686,7164.748009,0.228191476,19.99318691,0.8029768624,4.190830713,0.5804794714,84.8425518,0,0,0,3.714917183,0.1422488366,0.1490191742,19.83546579,511.1149174
348933,2010583,0.0078,0.11,9.76,1,220,428.63125,9.25,0.2,41.96,635.7,101500041102,8,-100.4941498,42.49988908,3.753538966,348933,1043.846,17.53458368,12878.17728,0.1076559003,46.89690598,0.4145793746,0,3.775787679,96.64902998,0,0,0,0.7552041411,0.05907132682,0.07506403841,12.56528451,383.3938226
349096,2010241,0.0206,0.11,0,0,29.44,141.72375,2.354,23.7,19.44,454.1,101500040701,8,-100.6788027,42.55147381,1.437985826,349096,466.3245,14.3520201,15146.87783,0.1700000018,46.98028223,0,0,3.840192238,86.83544304,0,0,0,0.5262761116,0.1234859776,0.04221186999,7.146057458,8.295948615
349276,2010255,0.0334,0.06,0,0,7.37,61.85125,1.828,1.4,17.3,250.8,101500031602,8,-102.0382948,42.92196228,1.327666816,349276,2476.569,19.9482079,12562.14154,0.1619567068,36.2296153,0.0617485743,0,1.107215993,81.10722371,0,0,0,6.661585808,0.271845771,0.4269678659,41.09243494,60.73776275
349348,2010993,0.0566,0.21,0,1,2.41,121.2875,1.388,3.02,16.07,434.7,101500010102,8,-99.61948897,43.20153885,2.748207823,349348,5846.544,21.60646593,4749.406047,0.2058634505,42.69914014,2.783251232,14.83528325,1.116586523,86.50827504,0,0,0,14.16661358,0.2102271944,0.3278913736,27.73956319,35.00475585
350080,2010374,0.0595,0.19,0.398,0,6.93,260.01625,2.046,1.8,20.15,2541.1,101600050201,8,-97.67275448,45.45704574,1.643287529,350080,194.3692,27.86813187,6654.754246,0.2775311601,93.08191808,0.6922011998,34.01015228,0.5676800091,94.14276517,0,0,0,20.26115799,0.156483466,0.3022114916,98.5071125,22.9507639
350403,2010227,0.052,0.04,0.136,0,14.24,98.95375,2.179,0.6,15.12,1567.9,101600020401,8,-99.23166953,47.13188301,1.286257245,350403,496.5002,31.67824601,8088.555049,0.3098479111,81.35497342,3.367734927,13.32609089,0.2738641899,94.55872108,0,0,0,7.896708012,0.286832816,0.03052998307,70.05830553,21.45981245
351263,2010800,0.0546,0.03,0,2,7.94,46.71625,1.069,2.1,10.67,1240.3,101600040504,8,-98.87944602,46.03515809,1.579980357,351263,112.4237,26.55042017,7104.268908,0.2812620579,78.81680672,2.652733119,16.15755627,0.3538285232,41.09798248,0,0,0,31.5662117,0.2020034654,0.2286614567,24.10090489,9.776309593
351297,2010798,0.0675,1.05,0.403,3,3.46,1578.888,1.528,1.8,13.78,1489.5,101600080108,8,-98.75279237,45.46201099,4.091288771,351297,26305.04,22.8143837,4960.888541,0.3036424114,51.71472527,2.576868067,76.60596604,0.2011446767,61.08685264,0,0,0,51.1717186,0.339997786,0.6851022733,226.9636142,18.33589211
352423,2011017,0.0384,0.04,0,5.2,2.29,32.64,2.179,23.7,24.14,835.5,101600031504,8,-97.20948669,45.60820851,1.071506972,352423,30.45496,26.24404762,6210.693452,0.2700000107,82.55059524,0,0,0.9184831392,94.28362244,0,0,0,2.924963713,0.1746379757,0.1491455485,155.6860753,7.654150581
353371,2010579,0.061,0.05,0.717,0,137.71,291.06125,6.375,0.3,29.06,1931.5,101600040502,8,-98.8906119,46.11107745,1.646167037,353371,207.2307,29.61217304,7508.88833,0.2886085756,78.3415493,4.464672735,24.7941049,0.3910257856,49.74919218,0,0,0,26.51102448,0.2239453853,0.1912035197,49.82178304,28.42933563
354674,2010410,0.0474,0.06,3.775,7.5,74.67,593.275,4.888,23.7,32,2591.2,101600020503,8,-99.07959388,47.06817316,1.106275612,354674,252.1449,29.60271845,7741.084272,0.3100000024,90.6,2.945351313,23.81121363,0.3258937967,70.78228087,0,0,0,20.26036453,0.1985075227,0.08093842005,17.28857038,18.5251155
355124,2010587,0.0383,0,92.7,3.1,86.88,239.6025,3.65,0.33,20.64,1626,101600031504,8,-97.34215661,45.63894164,1.179493606,355124,82.96355,28.04965358,7167.726328,0.2700000107,78.34988453,0.8686210641,34.5276873,0.9184831392,94.28362244,0,0,0,2.924963713,0.1746379757,0.1491455485,155.6860753,29.38645605
355465,2010264,0.0551,0.03,0,0,5.26,22.21375,0.8,2.6,8.29,409.8,101702010205,8,-97.26428374,45.4417003,1.950648167,355465,5397.677,24.92317084,5883.332412,0.2669267813,78.70017804,2.949513139,11.32953181,0.9350367841,87.39759456,0,0,0,7.087409973,0.1639188177,0.101672098,351.2010542,878.1571933
355486,2010320,0.0411,0.17,0,0,6.4,241.0625,1.551,2.1,15.96,1724,101702010401,8,-97.77095447,45.03046633,1.664976098,355486,323.6608,26.89454545,5382.613636,0.2838101978,79.51121212,0.6679654885,51.68382967,0.5647959545,91.23155839,0,0,0,19.17184448,0.2168583114,0.4207328895,178.7955077,14.26085323
356001,2010362,0.0437,0.1,0.372,5.2,73.2,170.29125,2.618,0.3,12.02,862.1,101702010902,5,-97.17953636,44.86900747,1.661615374,356001,5647.051,24.41833506,6176.78418,0.2927902734,72.76546758,10.82192436,70.02056006,0.997389463,67.77137017,0,0,0,44.94791031,2.481495741,0.963774669,1833.128523,1133.648888
356004,2010421,0.0405,0.18,2.305,0,66.86,181.4875,4.215,0.45,29.65,6663.3,101701010302,8,-98.08078883,43.08002134,1.167938563,356004,287.0561,26.78113936,4256.503058,0.2875203559,46.8918571,5.510331872,71.16468378,0.794601599,36.64261696,0,0,0,58.85200119,0.2035994067,1.286340077,77.64897319,23.06394643
356227,2011183,0.0556,0.12,2.67,6,287.5,473.0925,8.875,0.2,26.72,1242.5,101702010101,8,-97.25432388,45.24639595,1.979526502,356227,661.3364,25.30826106,5793.439073,0.2807874449,71.7127826,1.999184007,49.99320005,0.9566886692,69.01570853,0,0,0,24.05280113,0.5424410822,0.5447514707,378.2182926,54.08668142
356262,2011125,0.0542,4.29,0,5.2,82.4,300.42625,4.825,0.5,19.32,3400,101701021001,5,-97.05890646,43.57444527,1.099595303,356262,71.64429,26.77083333,7592.342448,0.3199999928,44.44401042,2.389937107,90.81761006,0.9383806726,19.61847553,0.05153862537,5183.290803,0,89.92552185,0.5513211581,1.284361609,1833.049591,21.19571236
356517,2010879,0.0345,0.04,2.099,1,25.71,134.55875,2.188,0.9,12.84,387,101702010205,8,-97.2632908,45.45849326,1.930262094,356517,306.4749,25.29757992,6488.459516,0.2700000107,84.41051688,2.456140351,20.58479532,0.9350367841,87.39759456,0,0,0,7.087409973,0.1639188177,0.101672098,351.2010542,12.06514409
356843,2010392,0.0593,0.19,0,3.1,7.98,223.11,1.326,1.12,11.24,2097.6,101702021107,5,-97.11658519,44.3278709,1.233299141,356843,942.2729,29.29412331,6040.049133,0.3000000119,68.46175337,7.923157794,73.51619994,0.9670255722,69.26135288,0,0,0,34.12693024,0.566559512,0.4827101996,143.0174913,23.33713013
357823,2011320,0.0407,0,2.049,0,2.06,40.15,2.07,3.9,37.94,12534.5,101800100402,14,-105.8618551,41.23767633,1.536169147,357823,961.4902,21.3512927,6122.376675,0.2711472343,22.41328553,0.653961136,0,0.2270304154,88.91239949,0,0,0,0.1535938233,0.0214155716,0.002637457653,63.64986355,135.5930992
358180,2010479,0.0015,0.04,0,0,0.92,21.2175,0.428,23.7,3.55,992.1,101800090907,9,-103.1099845,41.67760414,2.066129592,358180,25.72676,23.3180212,2801.134276,0.25,37.02120141,47.42268041,0,1.056796148,79.76736566,0,9532.632076,0,19.41657448,1.074054222,1.688022539,1840.252235,19.64764499
358471,2010438,0.0275,0,0,1,3.56,24.72125,0.591,3.2,5.61,639.8,101800090804,8,-103.4935246,41.93341974,1.536805537,358471,981.4256,17.59528112,2393.854317,0.2243157167,26.91315261,12.32801321,4.797284902,0.5912481122,35.75648481,0,0,0,38.66394806,0.9812002462,1.893102278,392.242705,792.4803824
358695,2010471,0.0369,0.03,0.59,4.1,192,358.63375,4.088,0.23,19.48,412.1,101800091404,8,-102.6215592,41.89320254,1.982437063,358695,419.9353,14.75474648,9296.955551,0.150000006,23.72771946,0,0,1.755862302,100,0,0,0,1.605355024,0.08954898949,0.07061412807,15.22594581,14.42469031
358948,2010436,0.0264,0.03,0,0,34,147.74125,3.256,0.25,32.64,1182.5,101800091506,8,-102.5216055,41.78680387,1.200819039,358948,1955.738,15.46858542,8938.032339,0.1547216393,31.62408759,0,0,2.049990154,90.52567237,0,0,0,0.09424941987,0.2067845567,0.002661450612,2.505764766,15.83214304
359518,2010645,0.0211,0,2.48,7.5,144.5,377.02,3.394,0.25,13.73,3020.2,101900050708,9,-104.9476664,40.22363503,2.218417677,359518,61132.31,15.84367476,2025.47791,0.2784205011,107.0157398,2.045566638,3.919319813,1.511172639,30.22742492,0,1122.965908,0,32.1921463,4.024512404,11.49733782,3547.914164,70.83812389
359874,2010629,0.0314,0,0,2,5.5,22.1475,0.696,3.7,5.34,743.1,101900020901,12,-105.0428281,39.57398352,1.588286854,359874,17.6774,24.37349398,4035.704819,0.2899999917,71.95180723,5.555555556,0,1.711935415,59.5154185,987.1024391,103900.4233,0,1.061029315,28.96248704,0.02423660841,145760.0425,18.66049193
360271,2010440,0.0592,0,0,0,3.04,24.87625,0.428,3.6,3.65,146.3,101900060604,9,-105.1263674,40.33729293,1.698644201,360271,47816.93,14.68846302,1728.77797,0.2715791684,113.1001348,2.116554487,0.2356537321,1.789643148,55.36313285,0,0,0,10.26963806,10.03098466,0.6986419254,21010.49042,185.1672188
360347,2010556,0.0419,0,0,0,3.59,14.26875,0.338,2.1,4.7,519.1,101900050604,9,-105.1122505,39.99487902,1.07028286,360347,28.36168,24.8762215,3172.723127,0.25,41.03583062,76.4516129,1.612903226,1.925197347,37.19645791,80.56953519,11294.28074,0,14.7414875,19.05301462,1.578280223,32334.41015,19.31831256
360902,2010636,0.188,0,0,1,3.89,9.825,0.456,1.8,5.22,528.9,101900020904,9,-105.0696505,39.67518886,1.337497845,360902,15.04046,25.2688172,2927.677419,0.28140351,60.39784946,59.64912281,0,1.809017838,30.37735849,657.591379,154096.6554,0,0.01728660613,42.26954204,0.001296380008,367687.3565,23.74954731
361181,2010722,0.152,0,0.304,0,23.85,25.71,0.711,2.1,3.39,455.3,101900030402,9,-104.9463997,39.84239268,1.478066181,361181,9.22722,25.07070707,3773.737374,0.2899999917,46.2020202,72.11538462,0,1.459359128,69.00899649,1597.959034,255301.0718,0,3.68559432,29.05701632,0.007260365279,176438.1095,9.702780029
361292,2010591,0.027,0,0,3.1,4.76,19.81875,0.244,1.9,3.35,258,101900050704,9,-105.2219496,40.07832735,1.334810537,361292,40984.85,14.20644403,1800.365415,0.2445286383,122.0922867,2.742337135,0.5230819231,2.528678128,39.23799064,0.4424223008,5545.101841,0,16.83925247,6.117127671,0.2220522389,14277.95998,217.1460906
361293,2010622,0.016,0,0,6.3,4.72,14.06375,0.456,2.5,6.73,500.1,101900060605,9,-105.0335272,40.43357467,2.000040727,361293,705.7489,22.32400746,3450.018918,0.2219361082,23.79616307,30.79175153,33.68126273,1.370164752,52.02683753,499492.1501,145431.165,0,13.30148029,18.79188995,0.8646858074,56110.12216,656.6837957
361330,2010861,0.0693,0,0,5.2,6.55,12.03215,0.184,23.7,0.91,27.7,101900050101,12,-105.5964669,40.08793342,1.183689378,361330,748.6854,12.80459467,650.2677581,0.2990620891,172.1759968,0,0,19.34030883,0,0.007473497417,0,0,0.01195838954,0.1885900302,0.0001368238718,174.9356018,5.456057616
361422,2011233,0.0184,0,0,0,15.2,47.865,0.87,0.8,7.3,1202.8,101900071002,9,-104.9995733,40.52694439,1.335372078,361422,50.83087,24.78884462,1533.988048,0.3016312036,25.62948207,23.40425532,38.65248227,0.9369510102,50.15555385,111.1099828,21094.54093,0,10.89280415,18.36559457,0.7607765165,87427.42884,15.49558086
361688,2010381,0.0413,0.18,0,6.3,50.4,89.06375,1.586,0.86,8.22,633.3,102002030402,5,-96.95108514,40.97897903,2.544642892,361688,421.4646,26.83781477,5582.673069,0.3215364889,47.83141272,2.368758003,15.47161758,3.213712488,64.46498583,0,0,0,22.39173889,0.4589977981,1.716589739,379.929832,4.261085511
361733,2010527,0.0142,0.12,0,1,30.4,47.36,0.796,0.6,3.34,499.6,102002020105,5,-96.35174555,41.08904989,2.793172273,361733,60.4009,22.95169946,3446.076923,0.2199999988,42.76386404,8.779761905,2.529761905,4.630136019,56.03251207,0.0219330909,116.18145,0,23.61804962,1.757615361,0.5175521544,376.585459,64.88909263
362123,2010357,0.0411,7.4,0.544,7.5,85.28,279.9625,1.8,0.45,7.95,345.9,102002030303,5,-96.7883615,40.72899336,2.326295662,362123,2155.299,28.72591474,4761.925101,0.3467967975,52.2217187,3.432007014,58.11448374,3.99310556,66.84792266,0,354.55518,0,45.6112442,1.522789416,0.7305470013,991.0049287,74.68557002
362866,2010437,0.0224,0.18,0,1,21.6,95.695,1.679,0.71,9.34,1623.3,102001010507,9,-100.067358,40.87651586,2.057026586,362866,20.39707,19.7826087,12572.52174,0.2574782537,31.16956522,32.17391304,0,0.7062201271,60.96188141,0,116970.3304,0,53.53709793,2.729951886,6.674404961,4375.959048,11.05292495
363003,2010369,0.0472,5,0.214,1,59.8,290.5725,1.843,0.55,10.71,257.4,102002030101,5,-96.84494069,40.58020769,1.478987148,363003,2007.793,28.54142755,4889.799991,0.3251870924,48.31043759,3.988348644,72.48487564,3.930004377,63.7470779,0,0,0,44.87641144,0.544315556,0.7302756165,367.6694264,51.8674801
363086,2011372,0.0944,0.03,0,6.3,22.21,120.05,0.879,0.85,6.28,960,102001010305,9,-100.6282142,41.0873274,1.319429659,363086,80.88962,17.92341842,10639.40178,0.2555826806,48.70477248,12.98557159,3.107658158,1.003029214,63.85280166,0,0,0,51.5150795,0.6252846425,1.758278043,442.2251352,6.69037723
363282,2010530,0.0164,0.51,0.345,7.4,114.19,186.713,2.301,0.3,4.1,594.3,102002020103,5,-96.47574938,41.38292332,3.640368262,363282,88.6858,24.85821697,3323.295381,0.1011752773,56.63909774,46.50455927,2.33029382,4.049033132,52.58766399,0,70264.17231,0,28.5013752,2.902141544,0.5197082062,1793.23657,45.85351594
364653,2010542,0.0304,0.23,2.57,0,178.88,695.319,14.15,0.3,163.41,2910,102100060501,8,-100.567253,42.44676528,2.363218369,364653,949.4134,11.28811947,15783.05194,0.1700000018,33.71949016,0,0,3.843433302,100,0,0,0,0.2902620435,0.09491737031,0.01487947723,8.886743853,31.41301767
364839,2010588,0.0044,0,0,80.1,27.2,295.09,1.066,0.5,2.3,148.9,102100100302,8,-98.65561065,41.76242251,1.462724525,364839,83324.97,12.55720739,16244.27438,0.157963608,30.76272085,0.5517140074,3.28684592,2.647913922,89.43732248,0,0,0,9.591464043,0.2592913501,0.8029908171,186.231801,14.23899553
364887,2010628,0.0379,0,0,0,10.61,42.47125,0.723,0.6,1.85,212.5,102100030601,9,-98.89927096,41.32049482,5.11567986,364887,8779.78,20.8706308,14819.30443,0.3826613569,39.3522757,3.718927784,21.97632105,1.810714619,37.77929465,0,0,0,13.18363094,0.5841539332,0.5648843779,153.2475226,985.2449089
364942,2010529,0.075,0.05,1.165,3.1,77.68,507.90125,5.188,0.25,23.95,309.9,102100060104,8,-101.243925,42.35094772,2.436751507,364942,475.5681,12.52118644,21326.17938,0.150000006,29.07465698,0,0,3.77765246,0,0,0,0,0,0.04385699199,0,3.484240019,27.70161968
365182,2011207,0.0436,0.13,0.919,0,9.87,709.265,2.23,23.7,13.88,189.2,102100060502,8,-100.6474643,42.45222217,1.593804263,365182,156.8591,18.95182211,13101.56578,0.1679839656,39.71772699,0,0,3.838908462,99.89909183,0,0,0,1.555419803,0.09227130988,0.1299426415,14.99158641,73.08275714
366579,2010240,0.0623,0.17,3.5,3,28.48,103.4325,2.284,0.4,19.96,467.4,102200010901,8,-98.56607893,42.10992328,2.025025793,366579,554.4639,15.51392405,12820.40827,0.1764214153,32.77198312,2.312419146,17.23803364,3.01785602,82.73438748,0,0,0,21.87438202,0.07450092973,2.001486252,40.57169961,71.25317868
367586,2010386,0.0303,0.99,0.925,0,140.54,183.7275,1.816,0.5,6.57,648.7,102500150308,9,-99.25560268,40.05813828,3.350527814,367586,2023197,21.1211583,6345.282348,0.3341018095,28.25208511,3.164421456,54.41468708,1.067496419,80.42396433,0,0,0,11.98263836,0.2892401594,0.2621326855,21.14709184,5188.750196
369860,2010395,0.0119,0.75,0,0,4.69,35.5175,0.838,1.1,7.37,3031.1,102600090704,9,-98.5567585,38.94015332,4.836567312,369860,486907.1,25.28529341,2526.577016,0.3301028683,29.78324928,3.065722465,41.39841749,1.704117959,64.02836879,0,0,0,3.29253459,0.6139069835,0.02091830969,58.4613713,3175.255141
373126,2010340,0.0345,0.09,0.145,5.2,7.62,22.6925,0.398,1.1,3.41,498.2,102701040604,5,-94.80330954,38.9839422,2.09103979,373126,698.5354,27.86263736,3016.004055,0.3387888192,63.00235479,52.0422626,18.68315939,8.88291789,40.83822636,126.6378553,56720.72313,0,11.05369568,25.57051512,0.2788182903,41268.095,47.26466725
373647,2010217,0.0456,0.95,0.37,1,8.32,17.9125,0.693,1.6,5.2,365.4,102701020902,5,-95.62779674,39.00377535,3.192494686,373647,2199.267,27.96764118,3689.029902,0.3552948446,43.81301016,25.70691983,57.80987846,7.453361256,58.25625214,725.4981591,0,0,11.7401762,18.42275489,0.08111445154,45167.05602,154.7205187
373785,2011490,0.0308,0.4,0,78.5,3.54,1365.019,2.036,0.02,6.51,111.8,102702070205,5,-97.29006567,40.10818215,2.110840681,373785,447.0324,28.80930326,4451.831857,0.3371768085,33.38884414,3.544099879,59.46435763,3.465274312,42.93352601,0,0,0,57.33095169,0.3533859537,1.393850979,88.26800542,10.64090988
374879,2010222,0.031,0.16,0.177,5.2,19.71,118.22875,1.051,0.2,5.5,395.8,102901010301,7,-95.73665182,38.46552364,1.670980632,374879,610.5865,31.08924315,2193.283224,0.3799999952,47.46677592,9.159181269,46.3407451,7.566372181,73.56257872,0,0,0,18.99255943,1.02864012,0.1735824094,145.5079532,12.3434805
377502,2010245,0.0151,0,0,6.3,80.4,153.62625,1.67,0.1,5.37,357.4,110300150301,5,-98.26042766,37.65522675,1.735489567,377502,978.4228,15.79863858,2428.331432,0.2346575342,49.25931377,3.659097178,32.32508964,2.626190139,34.79513444,0,0,0,32.68806839,0.2679254048,0.1655345306,110.1120871,60.01980259
377826,2010254,0.0424,0.03,0,4.1,5.41,38.42,0.751,1.6,5.81,568.8,110300130106,5,-97.39946367,37.65576301,1.528030433,377826,118.9156,21.47126437,2135.819157,0.2269916213,43.5908046,76.31378522,0.9900990099,4.839777764,70.22892927,490.3826748,1026217.77,0,2.981569767,37.63022191,0.02291899066,91589.43068,7.644377108
378803,2010326,0.0224,0.09,0,6.3,41.33,130.86,2.03,0.3,15.72,867.2,110400020202,9,-102.8752771,36.84835644,2.21323389,378803,10193.26,19.47536534,2017.838339,0.3186110762,21.50549451,0.815047022,0.0097134531,0.1051240926,78.17337461,0,0,0,0.07767830044,0.04844793057,0.01488400845,5.202431876,61.58609298
379118,2011248,0.0344,0.74,0,0,20.16,154.89,0.681,1.1,4.87,1165.3,110600060708,10,-96.35881026,36.24072585,9.470013977,379118,1036057,21.83879892,2459.127915,0.3860087833,84.71357768,4.546866915,45.99370722,6.008424094,75,0,0,0,0.2364811003,0.7426793603,0.000504190812,1395.149087,5264.993454
379193,2010911,0.0235,0.03,0.1,0,64.8,1072.803,2.608,0.1,14.25,708.4,110500020603,10,-97.86545601,35.75344567,2.518952986,379193,1292.578,21.64543998,3236.638891,0.4246249099,53.42548596,3.653444677,53.69519833,3.133170254,56.77405838,0,0,0,39.79977798,0.1373237687,0.4254536949,87.05689756,15.18689266
381506,2010379,0.0315,0,0,101.4,26.32,35.99,0.54,1,3.33,246.9,110600010207,10,-96.79850566,37.10047789,2.63523607,381506,1705.592,26.33510074,1465.880276,0.3363999273,76.6911983,3.220016892,1.472761824,6.25922474,73.46293662,0,0,0,6.52073288,0.3130042064,0.1120546507,61.06538418,29.90757707
382319,2010274,0.0318,0.05,0,3.1,59.47,85.93875,1.034,0.35,6.68,227.1,110701060403,7,-95.98638163,37.19365884,3.426364175,382319,2715.127,23.54060325,2667.097879,0.3783417262,111.5882333,1.902552204,51.67384819,7.889216743,50.32667179,0,0,0,12.49712276,0.2119031912,0.3484482767,86.77015959,9.252538305
382703,2010226,0.0487,0,0.377,0,13.52,26.42125,0.628,1,6.8,127.6,110701070302,7,-96.18894756,36.51731981,5.637161398,382703,15983.39,19.39233002,4801.335151,0.3162487579,179.4598363,4.933780801,6.56673724,6.883832086,50,0,0,0,0.3831518292,0.1778093395,0.0009939103993,134.7442131,443.2860607
382811,2010229,0.0177,0,0,17.3,8.46,27.16125,0.496,0.55,3.56,340.2,110701010104,5,-96.31046812,38.12567485,1.312828177,382811,1198.036,33.29761994,1578.681207,0.3495420167,54.83639913,1.929574292,0.1126210676,7.881890953,73.25905292,0,0,0,2.806601524,0.218586846,0.05857252836,35.20649183,11.11466843
383871,2010503,0.0767,0,0.257,0,12.59,36.75875,0.513,0.9,5.36,116.5,110701060504,7,-96.04239685,36.81662589,3.916933396,383871,3421.765,19.48419685,3636.710585,0.354024253,182.5028637,1.980692848,6.92321856,7.471461512,69.23076923,0,0,0,3.298491955,0.8363849765,0.01469981571,893.4694322,108.5681003
385673,2010388,0.0218,0,0,2,4.78,17.45625,0.374,2.1,3.88,245.1,110701060401,5,-96.18524596,37.23398172,4.440134696,385673,6681.159,26.06798377,2519.876382,0.3129765923,103.8250912,1.290652871,9.32961496,7.653915376,83.68651194,0,0,0,2.532046556,0.1458947796,0.1101065495,22.63928188,164.0112084
386238,2010528,0.0335,0,0.143,1,10.82,34.5725,0.376,0.6,3.1,229.7,110701070102,7,-96.41919609,36.70548177,5.149863548,386238,11842.73,25.23432543,2428.252483,0.3667482013,114.2631173,1.413330902,1.215008662,6.602425387,84.93975904,0,0,0,0.4017273486,0.105101803,0.001003529293,36.6925985,322.2074733
386845,2010339,0.011,0,0.529,0,6.49,34.03625,0.355,0.3,2.47,553.3,110800040106,12,-105.2194101,35.94794354,1.637912418,386845,997.4517,22.71696004,2236.293099,0.3841487023,38.83766415,1.714337273,0,1.886948256,91.64937759,0,0,0,0.2897349298,0.0515792502,0.001057309165,262.5629067,163.9897401
386846,2010276,0.0421,0,0.152,0,1.86,23.65375,0.52,2.5,6.19,442.9,110800010406,12,-104.6628204,36.5742974,1.783781414,386846,99550.29,19.18417281,2526.469068,0.2455740418,74.69967975,0.0279354609,0.008226948,0.2569335572,74.72716829,0,0,0,0.3490332365,0.05500135028,0.001416177379,17.72146235,148.7981508
386895,2010270,0.0229,0,0,0,4.08,131.71,1.256,0.65,13.08,696,110800030107,12,-104.8160792,36.17593304,1.181586734,386895,501.3875,27.64419618,889.3025942,0.4152409129,28.60651392,0,0,0.3013898036,78.85196375,0,0,0,0.2307314724,0.05415239095,0.0008267084544,11.67143419,25.24061429
386909,2010277,0.0224,0,0,0,2.6,17.7475,0.628,2.5,7.75,404.5,110800040206,12,-105.144347,35.75882533,1.284164126,386909,41137.43,19.86890608,1890.918816,0.2831113104,97.91202026,0.7251988554,2.905389442,1.031187008,96.95173582,0,0,0,0.1911022514,0.04798763866,0.003548116819,106.7600976,330.338729
387457,2010499,0.0193,0.17,0,0,6.43,23.31875,0.494,1.8,5.44,3194.9,110901050707,9,-101.6598307,35.63901563,7.210845289,387457,1167182,20.70452019,2127.847627,0.271230463,18.08318841,1.443094863,3.965688714,0.1181127077,29.90654206,0,0,0,0.002131993882,1.101560036,0.0007885214393,2800.164012,6600.71456
388261,2010219,0.0417,0.08,0,1,16.8,56.49,0.828,0.9,6.78,683.6,110902020601,10,-96.70839106,34.96478966,4.082302977,388261,2536.279,18.80754618,1529.723369,0.3486319367,149.5979762,12.36330067,14.48302798,4.461452729,95.88796186,0,1061.994545,0,2.665485859,1.199828751,0.08892059286,2345.04084,499.43793
389398,2010399,0.0434,0,0,1,8.59,23.41875,0.549,1.24,5.72,144.8,111003030804,10,-96.32095522,35.50834427,4.652908757,389398,5018.043,14.87584129,2555.131845,0.3478696721,193.4711391,3.154325086,19.98277502,4.996495071,68.78751501,0,0,0,8.029884338,0.1611502842,0.3823609045,475.4315741,270.307079
389429,2011326,0.0171,0.18,0.105,186,22.29,561.47375,2.058,0.15,8.08,379.1,111003010606,10,-98.0271423,35.52855009,2.316654893,389429,1422.129,21.43904605,2397.25314,0.400000006,54.35335532,5.131287567,57.60835179,2.808354076,58.95158216,0,0,0,39.19559097,1.254744468,0.2335328334,1898.813686,22.39706016
389511,2011294,0.0088,0.07,0,1,25.92,98.37875,0.675,0.3,6.42,1335.4,111003010708,10,-97.6783093,35.49962865,1.315881393,389511,82.64475,21.6366322,2174.964549,0.2860511781,95.09748892,56.61846496,0,3.270976888,65.52358429,0,12.17225,0,10.18263245,26.91599128,0.04957721637,16952.08933,640.0566039
389859,2010797,0.0454,0,0,2,23.2,79.5575,0.895,0.49,7.75,165.7,111003020501,7,-96.43048638,35.28467101,1.981113395,389859,1233.703,14.62258065,1921.95176,0.3374047673,175.4282991,2.65654649,43.02291636,5.196925733,76.39866617,0,0,0,7.484285355,0.2113346018,0.5307372028,276.7355468,17.13115001
390029,2010300,0.0264,0.06,0,0,16.56,47.00625,0.818,0.7,6.85,1717.7,111003010408,10,-98.59634192,36.11445895,2.927437088,390029,1376116,19.73657519,2800.25511,0.2850565232,23.28068816,3.154475722,23.22455527,2.409579517,83.98054801,0,0,0,17.65055847,0.5405034408,0.1954790676,278.1349016,2878.349512
390276,2010688,0.0692,0,0,15.8,11.82,29.76125,0.586,0.11,6.66,158,111003030902,10,-96.02401748,35.74530224,1.696219578,390276,513.5993,14.36657303,3076.378511,0.2800000012,180.9461025,10.67110566,1.909935167,5.340129641,83.01886792,0,4462.011429,0,5.153738499,1.094333095,0.08509528977,2798.767284,21.88095196
390321,2011241,0.0209,0,0,1,10.4,20.0075,0.698,0.9,10.1,319.9,111003030203,10,-97.27022989,35.83083491,2.875856515,390321,942.9566,15.08399351,3840.564188,0.2961248368,199.3397919,1.593967739,0.8113009449,4.020716809,72.40476883,0,0,0,3.614489317,0.3334373051,0.1446079046,1299.035487,12.25650059
390644,2010456,0.0413,0,0,0,63.29,242.355,1.285,0.29,5.72,268.9,111101040303,7,-94.98462735,35.4519357,3.326747395,390644,9309.549,16.22160523,2715.958037,0.3020050867,110.1604935,5.019723103,23.93553252,14.04834343,52.16253272,0,0,0,5.88193512,0.5009786736,0.4296363746,602.2174222,188.2987718
390652,2010387,0.124,0,0,1,26.4,224.39375,0.978,0.85,7.16,52.3,111102070403,7,-92.11248595,34.76588423,2.606169087,390652,124.5025,21.20518359,7349.280778,0.3877753834,60.68538517,11.80705544,70.98632109,18.0373618,60.46935655,0,597.4817708,0,16.85318375,7.108881944,0.4540616168,5886.504475,63.21170607
393137,2010214,0.1478,0.03,0,3.1,23.89,40.31875,0.631,0.8,10.35,28.4,111102070303,7,-92.27652334,34.53779908,2.271323776,393137,3850.47,12.56932133,1356.007997,0.3210527104,65.60285634,7.229169101,2.734603249,17.36572321,70.21874618,0.1815135682,83.48,0,2.569284201,1.688747708,0.07480500206,2834.446854,170.9723604
393187,2010877,0.108,0.03,0.145,0,21.6,40.3925,0.525,0.9,7.43,38,111101050402,7,-95.3477778,34.97656971,1.750658533,393187,1324.571,15.62177222,2661.274055,0.3602242599,73.78064691,1.012503398,0,14.59695349,99.03846154,0,0,0,1.553994417,0.7720802942,0.04169124427,458.1482224,11.07742487
393503,2010425,0.0152,0.22,0,1,68.04,108.57875,1.274,0.41,4.14,364.2,111101040609,7,-94.5441418,35.31404729,4.201001713,393503,374.1764,14.79792871,3206.564547,0.3199999928,73.41787091,2.43256262,83.38150289,15.23229453,66.03202457,0,0,0,11.01843643,0.573749944,3.988748548,786.9062355,48.05867586
394542,2010242,0.0247,0.1,0,4.1,117.6,250.3025,1.536,0.2,5.92,608.5,111203030201,10,-99.07536453,35.17764804,3.092694121,394542,14678.79,17.79274802,1101.262542,0.2734248483,32.86968433,8.061064958,74.18166212,1.303693805,57.04795247,0,0,0,28.64060402,1.256899637,0.06301294861,1012.96575,153.8250743
396113,2011426,0.0315,0.05,0,1,3.38,17.7675,0.585,2.7,6.98,309.6,111303030101,10,-97.74939027,35.07543925,3.154713091,396113,171.8305,20.06436421,1398.878074,0.349999994,169.2307692,9.05285191,0,3.022246905,72.18457102,0,0,0,7.133573532,0.419704114,0.3233688445,1380.078378,10.80969565
396235,2010361,0.0285,0,0,0,16.64,28.91,0.595,0.69,4.1,248.4,111303030706,10,-97.17120965,34.28511214,3.845825636,396235,4296.31,21.19463073,1670.691066,0.3337410461,123.0708075,5.635130042,23.6650333,3.625224388,64.08902839,0,0,0,17.34840012,0.7454021869,0.04128613365,1232.666102,185.8339623
397158,2010867,0.0107,0.03,0.117,0,5.44,26.8484,0.763,0.6,6.82,2666.7,111301050109,10,-99.74933091,34.10758397,2.335458883,397158,1691.133,24.19456267,588.766014,0.3312023862,65.81778038,1.383273037,8.171951479,0.5892922474,94.87211635,0,0,0,1.829026103,0.138374647,0.02063533019,15.33176686,19.57720533
397906,2010546,0.0342,0,0,0,12.94,99.7275,0.593,1.1,5.88,409.9,111302090304,10,-98.38000207,33.70483187,6.345865883,397906,134345.6,26.88315423,978.9369015,0.3342161197,53.19529037,2.219777835,12.63235533,1.58023197,75.44124587,0,0,0,2.699539185,0.4877680795,0.193805007,608.7819705,5577.446848
399552,2010301,0.0222,0.05,9.94,0,25.12,571.2225,1.484,0.6,11.41,714.4,111303020201,10,-99.29076657,35.44512663,1.731914001,399552,1368.909,16.11807245,691.1556111,0.2300000042,39.50851358,6.153441588,53.52705279,1.144044634,63.57232838,0,0,0,14.73223114,0.336073041,0.03577229018,305.951686,9.308564601
399996,2010359,0.0281,0,0,0,1.61,12.93125,0.611,2.38,7.6,337.4,111303030202,10,-97.77357622,34.72883095,2.958884927,399996,716.3554,17.94501761,1622.028435,0.3079214821,189.6513588,2.62959235,0.5787619527,2.945788464,84.83000457,0,0,0,11.13117886,0.4307924004,0.3414919495,230.1329596,10.24462548
401198,2011403,0.0318,0,0,5.2,48.33,204.995,1.054,0.2,6.98,226,111401040306,7,-96.0694247,34.17158664,1.342335672,401198,93.17837,21.00478011,2028.048757,0.3195411018,97.17973231,0,2.198852773,11.3426997,94.11764706,0,0,0,5.560436249,0.09697589366,0.01600855736,203.977409,4.572723884
402892,2010249,0.0294,0,0,6.3,18.36,108.145,0.854,0.31,5.59,88,111402010201,7,-94.12545515,33.51639155,2.756353467,402892,216.0636,16.06560207,1593.331463,0.3216548648,66.0060423,5.835764902,51.60483535,14.15491028,37.695688,0,4391.1,0,15.41460133,6.641218227,1.369710096,10417.80623,15.42187346
402922,2010238,0.037,0,0,38.9,5.33,88.12,0.715,0.65,10.28,75.4,111403060409,7,-94.04516076,32.82877357,5.196960593,402922,76499.05,12.54858004,1664.92978,0.2496384698,62.42849613,3.789696102,11.14367362,11.05845443,94.90291262,0,0,0,2.605610132,1.708611421,0.01318712859,2814.052574,22.00811335
404579,2010551,0.0839,0,0,0,7.08,21.03125,0.276,1.99,2.12,37.9,111401090406,7,-94.22881534,34.21529641,5.698045941,404579,70267.55,13.67056249,1796.676913,0.3677023509,72.15276034,4.404017997,4.330758581,22.17844296,0,6.1924331,3514.79,0,2.71099472,0.6056233713,3.334988506,1023.19505,468.4109327
405739,2010900,0.0928,0,0.107,0,48.4,44.845,0.908,0.6,6.15,149.2,111403050402,7,-94.67215881,32.83230225,6.703410906,405739,133161.6,15.67460988,1966.377651,0.2901088798,80.63930274,8.571150485,30.21335615,10.98235079,98.046875,0,2339.38,0,5.378885746,2.190515081,0.8421811019,2366.276731,7345.958516
405745,2010373,0.088,0,0,1,20.27,38.23625,0.549,1.5,6.02,43.8,111402070701,7,-92.737353,31.3166219,4.904635106,405745,9843.527,12.77068169,1098.869463,0.3874510276,72.13741622,3.862994415,0.8135506458,18.36128161,87.6984127,0,0,0,0.7643156648,0.5427107583,0.0004434166185,1632.118838,649.2414483
407747,2010598,0.1,0,0,88.4,84.8,251.98,1.389,0.5,10.91,73.8,111402060105,7,-93.77052408,32.35130047,2.555733319,407747,162.5887,16.53820598,1832.421373,0.4028571489,60.05426357,11.46179402,34.9944629,11.16771109,70.70063694,0,134.9836526,0,1.226701617,13.95556575,0.0005247119708,18661.62558,5.10238665
409450,2010206,0.0594,0,0,0,26.27,43.31875,0.875,1.11,7.64,165.4,111401010508,7,-95.92561719,33.73521476,2.180206919,409450,2802.261,19.87065274,2554.183818,0.3383837714,90.98313003,5.171195478,21.760776,10.35072498,69.48165405,0,0,0,14.62292099,0.1175851677,0.1204164728,442.6197208,144.5196475
410079,2010939,0.058,0.03,0.115,0,55,166.4225,1.299,0.25,6.01,365.9,111402020102,7,-93.6967701,32.47068315,2.3171411,410079,150.1293,24.64734637,4512.207402,0.264625527,75.17108939,46.7345716,28.93948472,13.18136143,54.62491846,95.93959401,143557.2969,0,7.530474663,8.101188732,0.003978912975,9401.653149,23.02895607
411081,2010253,0.0492,0,2.64,1,155.6,282.59375,2.523,0.35,10.53,79.5,120100030104,10,-95.73801377,33.06712109,1.403578362,411081,879.1691,23.7649831,1487.329679,0.4035887678,68.3013011,4.415531196,83.05501486,10.75755549,56.09527967,0,684.25,0,20.23815727,0.9798483137,3.485056965,1285.410835,14.71439903
414400,2010728,0.114,0,0.206,0,18,20.39,0.484,1.5,5.33,100.3,120200050401,10,-94.35746745,31.70819784,3.570128359,414400,1314.293,14.08076212,1386.030712,0.2653763961,69.34842884,5.002737476,11.0799343,11.85467603,0,0,0,0,6.659021378,0.5908713098,6.6732677,703.7261974,179.7960177
414545,2010936,0.228,0.03,0,34.1,29.84,37.34125,0.766,0.9,6.92,70.5,120200010504,10,-95.49358549,31.75734501,1.419437759,414545,127.3812,12.16101695,1815.670198,0.2700000107,78.70268362,4.237288136,0.918079096,8.233907964,85.66235864,0,0,0,3.928741217,0.9868872951,0.1412914597,2094.081279,4.377809689
415369,2010909,0.0937,0.06,0.1,0,3.4,19.43875,0.249,4.6,2.53,83.5,120200010506,10,-95.30199649,31.91040106,4.913664021,415369,8995.627,13.23940851,1955.370942,0.2949715389,81.37044765,13.80407698,29.89982687,8.21211288,95.72763685,0,0,0,13.98823166,2.988466841,1.098363003,9231.424231,485.7555342
416561,2010194,0.0536,0,0,9.7,13.18,53.165,0.966,1.3,7.78,95.9,120301080202,10,-96.73216766,32.05660401,1.398746351,416561,202.9134,27.3877822,457.397521,0.4088667527,61.57547587,2.346170872,64.40903054,6.140582798,76.34736241,0,0,0,6.979013443,0.4265461403,0.1040440703,934.5934358,5.767964731
417355,2010894,0.028,0.04,0.144,0,11.24,33.43375,0.62,1.5,3.61,248.5,120301080104,10,-97.03550061,32.09680306,1.316080157,417355,275.6041,38.21807466,496.5985593,0.3199999928,67.64014407,6.417812705,5.075311067,5.655888542,70.27524489,58.68835786,0,0,27.13610268,0.6613892008,1.762909823,728.3869173,4.707054268
417441,2010913,0.0241,0.04,3.155,5.2,100.8,414.22375,2.813,0.1,11.66,241.4,120301080202,10,-96.7502104,32.04509434,2.288181294,417441,1952.267,33.57009087,461.5058813,0.3853185126,45.73043037,3.800913326,42.65879422,6.140582798,76.34736241,0,0,0,6.979013443,0.4265461403,0.1040440703,934.5934358,11.12408123
417781,2010690,0.0789,0,0.242,2,94.08,464.23875,2.465,0.3,15.26,145.8,120301050506,10,-95.99881141,32.04833992,1.462425604,417781,268.929,19.0609307,2443.392367,0.4199999869,68.42283227,2.544358889,76.19685303,6.786593878,74.28134362,0,75.4,0,19.24690247,0.5847048497,0.386145213,886.2767114,4.141029096
417841,2010703,0.0739,0,0.121,1,22.88,26.145,0.45,1.2,7.98,109.2,120302010204,10,-95.89439348,32.09033915,1.746839776,417841,104.7786,14.57998289,1263.121471,0.2300000042,80.08468777,4.106073567,38.32335329,6.883557498,82.9009977,0,0,0,8.215145111,0.275809467,0.1989908799,312.3328764,5.989472169
418674,2010950,0.0352,0,0.13,3.1,29.87,79.10125,1.044,0.5,7.3,362,120301050505,10,-96.03973078,32.08168146,2.604771202,418674,16397.39,18.05830081,2439.908646,0.3716340277,78.37223713,10.36702837,57.1761813,6.775841162,64.49704142,0,0,0,22.06369591,0.801916841,0.2830086259,1483.451902,12.42635697
419426,2010189,0.0258,0.62,0.107,2419.6,22.77,134.5625,1.074,0.3,5.76,244.8,120301060402,10,-96.453085,32.94405856,1.984353402,419426,1197.839,27.51154194,2110.855009,0.3216057697,81.16528365,49.57149301,19.66621561,8.559940654,81.64665523,0.04805255126,4689.8,0,4.118120193,28.77660011,0.02322866993,56876.00594,25.09122913
419891,2010285,0.0406,0.29,0.89,2,60,86.135,0.749,0.7,3.18,261.7,120301050105,10,-96.7215574,32.83322026,2.021006194,419891,25350.59,37.07380721,814.573278,0.3191444873,71.72720696,93.6774386,1.104886068,7.823947747,23.40425532,0,0,0,0.06956070662,43.99088684,0.0002080760971,185323.5255,404.2544341
420510,2011194,0.0479,0.03,0,0,40.27,87.7375,1.265,0.7,7.58,85.2,120302020408,10,-95.90480789,30.96257887,1.84474902,420510,257.7536,16.8976182,4166.511909,0.4099999964,58.92819054,23.25418994,65.7472067,7.185963451,62.24489796,0,4248.7,0,10.97500229,4.559618247,0.4526400825,5438.777933,25.25741293
422699,2010225,0.0301,0.07,0,1,3.69,14.4525,0.495,2.5,4.7,243.9,120301020208,10,-97.61242349,32.66246305,2.589021789,422699,417.8579,27.77281595,1036.638413,0.2906696633,64.31823109,0.9014810045,0.3219575016,2.884690067,90.46302695,0,5383.648364,0,10.96026897,4.24784793,0.3934731343,6240.340136,40.94167827
425833,2010956,0.045,0,0.186,0,7.66,20.41,0.735,1,6.71,329,120402050400,2,-95.32183455,29.15869926,1.166541059,425833,3.272742,39.63157895,2585.473684,0.3400000036,72.57894737,0,3.448275862,20.8392346,49.39052147,4303.983912,688523.3816,0,4.022519588,7.087036427,0.1144791216,81318.78659,23.08421472
428781,2010969,0.0207,0,0,7.5,25,138.049,1.05,0.09,5.16,309.3,120601010205,10,-99.89700642,33.53850817,3.313924926,428781,1347.119,23.83449664,4902.232215,0.3306475041,18.64422819,0.9498327759,68.84949833,0.6113804538,72.98777675,0,0,0,4.871091366,0.1794100292,0.07216409286,10.43426424,18.66863806
429629,2010447,0.0562,0,0,0,3.78,25.395,0.65,1.9,7.84,187.9,120602010905,10,-98.31619757,32.59309501,1.836701045,429629,514.1227,21.18013291,918.1245191,0.3197743897,95.28716334,6.73312347,0.3322840154,1.845625546,84.47164948,106.6140508,0,0,6.191705227,0.3557989979,0.1697255616,1012.499439,10.61628766
431899,2010758,0.0239,0,0,3.1,2.82,16.3,0.32,2.8,4.7,179.6,120702020306,10,-97.74537622,31.14829249,1.341114955,431899,321.9197,30.69820829,859.1089026,0.3199999928,74.64417693,64.13773796,0,4.283043376,92.50720461,4.086591524,146991.6585,0,0.1200188249,2.112510715,0.01080029757,1161.274827,5.178658429
435674,2010545,0.0185,0.03,0,0,6.09,18.5575,0.368,1.8,3.83,531.6,120800020407,10,-101.1884006,32.59095005,5.829633707,435674,292257,24.51432554,2311.741976,0.2992108046,18.19909477,1.654827262,17.46797695,0.602999369,73.80224261,0,0,0,0.159048602,0.2571058609,0.003774750567,92.65915778,2890.070162
436104,2010745,0.0346,0,0.136,0,13.26,32.4225,0.77,1.4,6.38,358.5,120901070602,10,-98.62408738,31.58645666,2.026685651,436104,3064.138771,28.45939198,361.0518431,0.3166062525,54.45116757,1.91804964,2.91672786,1.031660783,95.39398553,0,105.73,0,5.650382519,0.2370330528,0.2689206109,383.097371,14.52738588
437814,2010243,0.0129,0,0.491,0,8.4,15.2925,0.533,1.8,4.1,434.6,120902010401,10,-98.38817494,30.74621206,4.864045366,437814,9706.709672,25.30516117,403.8539035,0.2408076242,68.45927893,4.9623628,0,2.728733882,80,0,0,0,0,0.4470046933,0,1264.232212,318.0792247
439586,2010943,0.0212,0,0,13.5,57.07,188.493,1.276,23.7,6.95,532.2,120903010708,10,-96.76587821,29.84255354,2.758607764,439586,520.7041033,27.57342778,2731.983587,0.3339270895,42.43158258,2.297857637,86.23013131,4.674470256,82.05904618,0,286.98,0,30.77416992,0.4465805344,1.959732665,872.3368454,13.86528122
441619,2010789,0.0298,0,0,0,2.53,14.435,0.299,3.2,3.65,330.8,121003040101,10,-98.77436126,29.82408996,2.399617725,441619,4984.339,27.75337924,1025.465066,0.2759845471,82.15415836,2.531782722,0,5.172287873,95.05119454,0,0,0,0,1.414583768,0,6581.139663,78.55129028
445160,2010368,0.0176,0.13,0,1,2.83,20.67625,0.688,23.7,6.4,1964,121102080800,10,-97.39163487,26.13925888,2.725979366,445160,45.47647,31.69033531,695.5364892,0.3493491064,67.1183432,2.564102564,38.2642998,1.776706876,40.59737894,18.07892603,17996.2083,0,21.46876526,1.998723906,0.09727516924,41238.28989,18.43525842
445448,2010355,0.0181,0.06,0.323,46.5,26.93,40.00125,1.804,0.5,8.74,1957.9,121102080200,10,-98.17315454,26.41708243,1.52576836,445448,11.99871,29.29545455,1377.212121,0.2399999946,52.22727273,2.272727273,15.90909091,0.0066928541,67.04247438,0,22525.43,0,47.12063217,3.208395796,0.02562421688,83040.87757,6.899621614
445543,2010390,0.0243,0.06,0,21.1,44.8,120.34125,1.391,0.2,5.33,1451.4,121102080900,10,-97.55969869,26.07194892,3.270037221,445543,117.1041,36.18356375,883.7066052,0.3498387037,54.24654378,4.224270353,64.66973886,1.403263747,50.56735103,8.186406,125431.9,0,10.29859543,8.957378447,0.04301933695,241159.8376,18.64755005
446976,2010504,0.0543,0,0.254,3,181.2,406.815,3.369,0.1,8.49,69.9,130100010204,12,-107.1836047,37.82884093,1.403463212,446976,843.6418,17.55234233,1079.873333,0.2540209158,145.5804076,0.917724896,0,12.31791636,0,0,0,0,0,0.3041458511,0,1.751175311,24.87093378
447477,2010398,0.12,0,0,21.6,8.72,36.915,0.619,1,10.36,58.4,130202020102,12,-106.8487173,36.0399431,1.17689229,447477,879.8621,15.27119337,1370.360773,0.2816596814,178.2273239,0,0,0.9717497774,61.26126126,0,0,0,0,0.1082096534,0,0.3199339186,14.53902778
447737,2010288,0.0507,0,0,0,3.4,12.68875,0.25,3.3,2.73,67,130201011004,12,-105.9171015,35.97483869,1.891420172,447737,25448.11,15.86467825,1566.753509,0.1485007177,123.9140196,0,0.0965520657,3.506963217,53.89035565,0,0,0,2.789176464,0.8301771578,0.3059333572,6378.512453,37.61445453
447742,2011114,0.0302,0,0,1,5.37,43.8075,0.281,1.2,2.72,196.1,130201020305,12,-106.6985518,36.69124978,3.511239322,447742,42428.42,25.51122351,2063.782136,0.3273445764,49.55886679,0.4691947752,0.4757702897,5.658461586,80.28335301,0,0,0,0.1567689478,0.265243201,0.0003022852214,68.78398474,1819.874501
447924,2010962,0.046,0,0,4.1,8.64,39.20875,0.713,1.3,7.53,236.3,130402040202,13,-103.8467894,29.68703249,2.172843512,447924,49.04268,29.17910448,0.4514925373,0.3395335856,16.03731343,0,0,0.180435583,0,0,0,0,0,0.06145569992,0,2.662279043,6.317325321
448036,2010269,0.031,0,0,0,2.21,15.76375,0.251,0.7,4.1,326.6,130600010804,12,-105.2437229,35.66728281,1.428210305,448036,30444.71,19.50441698,1616.853236,0.277592528,112.990213,0.3414452447,0.1016945144,1.162362533,59.80926431,0,0,0,0.1266508549,1.805655485,0.002263030405,7630.740105,203.2184944
448188,2010517,0.0252,0,0,41,12.93,13.58625,0.863,1.1,7.98,8873.4,130700010106,13,-103.9211564,31.93028667,4.421804473,448188,178212.9,20.35862378,2213.06285,0.2874831963,17.3608215,0.8906915712,0,0.1327868919,82.30769231,0,0,0,0.1628641188,0.4276173088,0.02032160363,15.67129749,4462.353389
449410,2010539,0.11,0,0,2,1.45,5.363,0.175,23.7,1.63,37.6,140100020504,12,-106.3229805,39.83299897,1.64563704,449410,2794.723,14.23122671,638.7118444,0.3100000024,162.4955933,0.28674528,0,18.85427363,51.6785351,0,0,0,0.1255086511,0.2374833794,0.02253708383,127.7083603,19.10054073
449552,2010565,0.0641,0,0,1,5.4,32.34125,0.559,1.2,6.72,57.4,140100051307,12,-108.066806,39.06309279,1.883463771,449552,37.09317,18.92009685,1805.184019,0.3000000119,150.8329298,0,0,8.380013939,27.91785279,0,0,0,4.376512051,0.3138873529,0.3715381993,183.3105396,8.997656656
449960,2010497,0.047,0,0,0,1.45,24.92625,0.363,3.5,5.88,48.1,140200050106,12,-107.9111734,39.03639171,1.43396044,449960,172.4339,18.88511749,747.3577024,0.3006684107,164.2704961,0,0,13.86471911,44.26474993,0,0,0,1.060239434,0.4256977071,0.05221398987,574.8101874,4.08606259
450105,2011170,0.105,0,0,0,1.62,24.4375,0.258,9.5,2.29,75.8,140200050107,12,-108.0509377,38.99736051,1.217440077,450105,603.0488,18.63315907,1353.130993,0.2688550588,157.8917102,0,0,8.417114442,48.99817851,0,0,0,0.9431958199,0.1539084874,0.04473559772,39.78165426,15.05219387
450185,2010498,0.0371,0,0,0,10.49,38.655,0.415,1.8,5.68,84.5,140200030505,12,-106.8383821,38.1928715,1.168214582,450185,534.3401,18.26452265,1433.825897,0.3616181148,119.623674,0,0,3.331482464,76.06837607,0,0,0,2.426201344,0.07924196089,0.009065123936,0.3886141452,31.67076925
450443,2010554,0.0503,0,0,0,2.56,7.81,0.13,3.5,0.99,198.1,140300030102,12,-107.8849278,37.82439803,1.301182693,450443,3130.623,15.34389219,549.5974786,0.2732951667,162.2150993,1.018587788,0,16.42210586,0,0,0,0,0,0.2138394064,0,133.8884205,52.61645209
450479,2011484,0.168,0,0,0,13.26,36.9,0.315,1.5,7.58,105.5,140401070202,14,-110.3865928,40.96250325,1.455743987,450479,367.8267,17.4244868,1149.933529,0.2700000107,161.9586999,0,0,15.44168582,100,0,0,0,0,0.1926740267,0,0,8.620787892
450615,2011020,0.0158,0,0,0,109.03,142.31125,2.058,1.2,13.45,265.1,140401060905,12,-109.1836635,40.72443203,1.917312721,450615,7557.755,21.24328931,1765.664358,0.3901112015,78.5064127,0.9536622535,0.0119058958,2.976149141,100,0,0,0,0.004054419231,0.07684451876,0.001638232061,0.002742461669,44.49427245
450816,2010823,0.0065,0,0,0,4.97,98.42375,0.566,0.6,3.73,75.9,140401040112,14,-109.4346458,42.27127346,3.142263216,450816,86422.07,18.21863867,2008.079034,0.2669555664,43.73218044,0.4539428671,0.0070814671,0.9974133944,66.66666667,0,0,0,0,0,0,0,868.4095616
450977,2010647,0.0373,0,0,0,0.58,0.89875,0.14,10.9,1.3,18,140401020103,14,-109.8037195,42.95348373,2.485227023,450977,9257.727,14.72546315,1200.837558,0.1702083829,139.7763775,0.0836274882,0,13.18644219,18.85007278,0,0,0,0.7190729976,0.01100998069,0.01382709571,8.210130969,2044.133946
451499,2011374,0.149,0,0,0,6.91,9.66,0.18,2.9,2,14.2,140401060207,14,-110.1306957,40.83160184,1.118630619,451499,127.5423,15.37359551,399.6271067,0.2695505725,135.238764,0,0,12.85417987,100,0,0,0,0,0.07403001249,0,1.6e-05,9.499486572
451697,2010500,0.124,0,0,0,1.36,7.235,0.204,3.4,1.96,16.1,140401060501,12,-110.0189217,40.83082455,1.212976578,451697,123.7626,16.32104121,739.384671,0.2700000107,139.9906001,0,0,13.75517618,100,0,0,0,0,0.04509412381,0,0,9.728992992
451740,2010777,0.175,0,0,0,1.01,7.40875,0.109,8,1.21,9.1,140401020102,11,-109.7327411,43.10519517,1.538787334,451740,458.7521,14.67809561,809.9233934,0.1199999973,146.8757837,0,0,25.34769786,25.42905154,0,0,0,10.6125679,0.3835486186,0.2120279387,1430.90792,6.656326136
451767,2010824,0.0413,0,0,0,0.76,7.67,0.125,7.7,0.56,15.6,140401020301,14,-109.585843,43.06903351,1.462392488,451767,879.1976,13.70228536,1041.151225,0.1199999973,138.3066708,0,0,26.74027412,40.57277827,0,0,0,5.176477909,0.3174363872,0.1049198971,1060.252281,6.626031181
451862,2010523,0.116,0,0,0,1.14,36.09625,0.651,4.95,1.86,79,140500050101,12,-107.2310572,39.9857486,1.712137237,451862,4727.121,16.62428498,580.1952708,0.2715081851,160.627059,0,0,16.84037449,0,0,0,0,0,0.0433576136,0,3.37081353,131.3450366
452898,2011102,0.0847,0,0,0,3.19,15.45875,0.294,3.91,3.74,150,140600040401,12,-111.0583718,40.34036619,2.17044547,452898,12101.46,22.07247768,1531.610231,0.2599999905,149.1795982,2.569996132,0,11.42433584,100,0,0,0,0,0.06428800789,0,0.04970871215,117.4006024
452903,2011116,0.0383,0,0,0,2.59,11.38875,0.17,3.1,2.38,281.4,140600070201,12,-111.2926102,39.70772819,1.816325354,452903,3296.225,25.57953925,1555.371875,0.3716327291,153.2167813,5.211459754,0,14.37149385,100,0,0,0,0,0.08871988428,0,34.12867817,27.56227801
452982,2010876,0.0953,0,0,0,1.5,10.30875,0.359,10.2,3.64,124.7,140700030102,12,-111.7098594,38.54809237,2.028562088,452982,4081.502,18.53331831,1782.794143,0.3429424466,168.5558459,3.358751708,0,2.325714014,78.72340426,0,0,0,0,0.2792827937,0,12.48849755,1044.711719
453050,2011100,0.0498,0,0,0,1.87,30.70125,0.201,23.7,1.54,92.6,140700030305,12,-111.4930545,38.2027195,1.727519944,453050,80.21447,16.60670391,1284.860335,0.3700000048,203.4469274,0.4469273743,0,2.283081216,18.34271923,0,0,0,0.3269290626,0.4852932319,0.1401182139,220.895996,8.457387937
453117,2010463,0.0533,0,0,1,2.61,64.105,0.306,4.5,1.62,70.8,140700030406,12,-111.3742276,38.07103386,1.868261382,453117,834.9544,18.07622642,1471.506415,0.3473358529,181.5430728,1.800539084,0,3.101437142,62.88252715,0,0,0,0.0324171111,0.05858334178,0.01836371766,3.186254772,8.575628523
453155,2010555,0.0614,0,0,0,8.64,31.5025,0.628,1.7,8.22,321.5,140802020101,12,-108.4057818,37.41688413,2.490256226,453155,396.1289,27.68991539,1546.44386,0.2980254447,44.01600732,0.9770506703,0,5.773233972,66.39501438,0,80.24456661,0,4.86205864,1.210148695,0.09939482939,2055.593815,62.14261117
453352,2010524,0.0432,0,0,8.6,1.2,7.4825,0.235,23.7,1.12,26.8,140801040701,12,-107.5965349,37.54119685,1.545900083,453352,1220.772,14.09043337,140.7720371,0.2781780584,157.6034051,0,0,18.42885304,0,0,0,0,0,0,0,1.521545371,16.22902715
453551,2010495,0.0405,0,0,1,0.34,13.85625,0.233,4.4,2.72,219.6,140801030611,12,-107.6856134,36.68846976,2.242249142,453551,833.7998,17.55081896,3264.546589,0.2399999946,24.8631088,0.518246599,0,1.350967762,0,0,0,0,0.1338090003,0.4162883951,0.02029947951,5.756711005,21.99019369
453698,2010191,0.0143,0,0,6.3,1.26,17.75,0.61,23.7,6.64,762.3,150100110511,14,-115.1171498,38.39840884,1.992670989,453698,36788.23,16.31232198,10875.47129,0.4138780593,4.087167076,0.1225676079,0.3483757957,0.0563141267,66.66666667,0,0,0,0.008345136419,0.187402656,0.002614041161,0.3555299775,75.07034059
453764,2010898,0.0722,0.03,0.149,0,145.07,518.85125,4.625,0.3,8.74,135,150100040501,12,-112.1540635,35.28495991,2.106662327,453764,2381.124,26.89798232,1639.774314,0.3384194713,69.25576211,7.339830765,0,3.077301871,0,0,0,0,0,0.6991579876,0,125.0933546,28.57223228
453773,2010204,0.03,0,0,0,2.47,36.98625,0.629,23.7,6.46,642.1,150100130402,14,-114.2681379,37.90775284,2.271295027,453773,12519.72,17.30833327,2454.845607,0.3602982885,49.2008728,0.5622137707,1.811018527,0,40.625,0,0,0,0.5097873807,0.1471441048,0.0127725272,101.1239628,23.84607074
453819,2011502,0.12,0,0,0,4.78,13.795,0.284,3.1,7.56,23.9,150200080306,12,-111.0024495,34.40435206,2.910913964,453819,532.2038,21.79799183,1365.771103,0.233119083,191.4480939,6.49526387,0,5.261996441,0,0,0,0,0,0.4410803042,0,0,21.76339167
453856,2010426,0.0259,0.03,0.146,1,7.86,161.06,0.67,0.4,5.3,368.3,150200010409,12,-109.3630838,34.36064106,3.179262625,453856,114251,22.72349827,1911.072191,0.2954653842,45.75624645,1.580419591,0,0.1242030592,0,0,0,0,0,0.4722856333,0,226.8142941,531.6934017
454039,2011471,0.0696,0,0.173,0,121.09,396.5525,1.538,1,9.15,122.8,150200150303,12,-111.4032213,35.01978701,1.503323473,454039,3176.961,35.82951639,1379.054271,0.3349589291,60.19034495,0.3116147309,0,2.302934992,0,0,0,0,0,0.2545702121,0,0,81.44908387
454077,2010973,0.0221,0,0,0,1.28,7.1725,0.369,3.8,4.24,1104.5,150301041107,13,-114.713645,33.40639543,4.401703115,454077,247.1795,27.67127381,15820.35973,0.3899999857,23.29585357,0.1466813348,48.29482948,0,32.79823733,0,0,0,26.4116497,0.5358953568,0.3077990242,74.28633484,54.5913343
454273,2010971,0.0488,0,0,0,7.86,39.3925,0.549,0.5,5.03,1798.9,150301070101,13,-114.4634139,32.81906721,3.450393634,454273,800.2798,27.36913926,4135.678796,0.3860386132,18.78096571,2.683584101,9.667639793,0,77.65113974,0,0,0,16.13352966,1.522334197,0.0830100892,619.3175537,136.0361925
454362,2010348,0.0272,0,0,0,3.45,91.17125,0.324,3,4.78,317.8,150400010803,12,-108.1595784,33.03035214,1.741745533,454362,22519.31,25.40917811,1190.817397,0.1484462883,66.01524756,0.4308432617,0,1.794441893,50,0,0,0,0,0.09500414969,0,93.07029677,27.24715784
454392,2010702,0.0403,0.04,0.351,0,38.08,467.9925,1.196,1.6,10.65,297.8,150400040301,12,-109.0853132,33.83062011,2.297993373,454392,9242.833,20.47611211,1782.062198,0.1604801949,99.92567778,2.230056092,0,0.9318608988,0,0,0,0,0,0.4859616694,0,419.8892217,56.41787814
454654,2010376,0.0947,0,0,0,3.73,13.605,0.826,2.6,12.34,213.2,150503010105,13,-110.4521691,31.42427626,2.86704397,454654,2301.23,21.09559084,745.8144923,0.1797141524,43.06694511,1.458569585,0,0.6173251559,0,0,0,0,0,0.06648565258,0,15.41207504,42.61966732
454700,2010974,0.059,0,0,0,9.06,21.8125,0.555,3,4.46,1834,150601060113,13,-111.5253924,33.56933724,1.819645828,454700,30389.45,21.59868775,5686.396113,0.2157642027,35.3279847,0.3003207567,0,0.8841933178,34.14634146,0,0,0,0,0.1442201688,0,3.118677093,226.6815031
454710,2010972,0.0459,0,0,21.3,10.56,39.90375,0.725,1.25,6.11,963,150601060204,13,-111.9074475,33.51138342,1.92715533,454710,301.7138,22.45074627,7581.858806,0.2776567111,22.95970149,94.8358209,3.910447761,0.4771045934,19.11617962,0,0,0,6.954638481,40.79965286,0.2668564898,125145.1338,4.168663612
454810,2010183,0.0371,0,0,0,2.64,192.115,0.615,23.7,10.59,468.6,150602020101,12,-112.4387324,34.60448688,3.406403026,454810,6164.869,23.00535813,1082.119733,0.2821841249,43.85170964,28.58206558,0,0.7802913623,0,0,0,0,0,8.296483683,0,14972.81329,112.9671042
454977,2010337,0.213,0,0,0,1.3,12.9125,0.251,5.1,7.33,332.5,150701020205,12,-112.3851879,34.51848995,2.611461405,454977,4747.892,22.90810001,693.6006862,0.2417561021,101.2416545,3.522074574,0,0.598985043,0,0,0,0,0,3.4919184,0,7415.257182,20.09341829
455025,2010991,0.0332,0,0,0,8.64,8.45125,0.315,2.1,2.3,360.6,160102030104,14,-111.7365103,41.5189456,2.403806955,455025,16833.87,20.49903371,1341.502658,0.3660370566,159.4975615,1.575148372,0.022990964,5.507425386,43.65171329,0,0,0,0.4562183321,0.05571777776,0.3251666399,165.3854435,72.45377227
455074,2011129,0.0317,0,0,0,22.72,68.87875,1.074,1.7,5.5,416.3,160102020404,11,-111.8531481,42.23849288,2.079629595,455074,18971.43,22.00692143,1389.110093,0.3908550494,135.0452409,0.784562988,6.67590054,7.579206139,14.38167603,0,0,0,5.086887836,0.116489218,1.057468125,110.7194438,61.05403354
455122,2010767,0.0334,0,0,2,2.49,18.6475,0.496,2.3,7.23,462.3,160101010203,14,-110.8249263,41.15245034,2.489320473,455122,75615.44,18.109501,1423.658242,0.2881028141,129.7524784,1.353171921,2.967576239,4.946038059,7.731777252,0,0,0,20.39044952,0.07875337371,0.1982964702,74.49854714,94.06310155
455233,2010520,0.0152,0,0,0,1.36,21.1825,0.444,5.05,2.46,268.5,160102020405,11,-111.8820365,42.18074724,2.520615286,455233,112.8834,22.21351126,2505.030859,0.3300000131,31.42118432,8.259823577,34.16198877,8.23798041,13.38370362,0,0,0,19.98350716,0.1909984527,4.194370013,153.5164884,31.13737714
455773,2010921,0.481,0,0,0,1.87,6.64375,0.299,3.7,5.84,21.4,160202030102,14,-110.9775684,40.60931961,1.134074308,455773,37.55732,14.09638554,1380.850602,0.2700000107,139.1951807,0,0,20.97742055,100,0,0,0,0,0.08072463899,0,0.00013594542,9.622678285
456076,2010997,0.0354,0,0,1,2.54,21.75125,0.51,3.2,3.32,840.3,160201020702,14,-112.0895116,41.37798103,1.226237301,456076,175170.4,21.84128562,1543.634409,0.3133845206,109.3627807,7.277888382,3.971228566,3.080090999,39.87027209,0,14214.55412,0,3.550045013,3.852930679,0.7185177249,8436.051633,4043.383727
456130,2011005,0.0672,0,0,93.3,20,219.365,1.356,0.25,4.78,1570.5,160202040307,14,-111.9509263,40.71047703,1.504937315,456130,610.7316,26.23719081,4718.610277,0.3646069004,26.65179623,98.76325088,0.1472320377,1.065379021,61.64336856,2.827714191,0,0,0.1033444703,50.36473299,0.005138631193,208361.734,13.6683962
456172,2010259,0.0515,0,0,0,5.32,19.58375,0.405,4.5,3.44,729.1,160201020104,14,-111.5896853,40.90825688,3.016937682,456172,36914.87,21.67711824,1180.159881,0.323065737,132.7436601,8.66240206,1.581187622,6.302079088,89.21568627,0,0,0,0.02316814847,0.06953340961,0.007951948624,22.07139491,266.8269909
456344,2011479,0.262,0,0,0,1.59,11.7925,0.176,3.3,4.02,14.1,160202030103,14,-111.0621043,40.66046258,1.327384531,456344,19.8014,14.88340807,411.4125561,0.2352017987,172.9641256,0,0,20.62662164,0,0,0,0,0,0.01078885484,0,0,4.038597529
456547,2010868,0.0333,0,0,0,1.38,9.13125,0.218,23.7,2.68,116.2,160300010102,12,-112.7753774,37.52305459,1.992448401,456547,1352.414,19.34751723,1710.163947,0.2899999917,149.8882403,4.455544456,0,7.996060003,100,0,0,0,0,0.4498995656,0,104.9149002,286.7503967
456650,2010393,0.0185,0,0,0,39.2,73.70625,1.265,1.5,6.22,260,160300020103,12,-111.8412699,38.60046244,1.640104989,456650,14939.65,20.18746495,1941.962684,0.322880006,109.9381448,1.736983166,0.3354714367,2.050304178,70.07779773,0,0,0,0.5988205075,0.5166180859,0.2602106641,16.01010308,139.9105695
456664,2010372,0.0274,0,0,0,2.69,36.1825,1.04,2.7,12.18,418.9,160300030103,12,-112.433433,38.6249543,1.646669119,456664,2428.35,21.93947486,1651.618528,0.3313974306,96.43851061,1.197893488,0.5525886367,4.755662383,80.48289738,0,0,0,0.03012388572,0.02109966084,0.003865791637,1.716888193,47.5447799
456733,2010250,0.0589,0,0,0,3.64,157.17125,0.833,0.7,9.12,745.7,160401080900,14,-118.3025528,40.68718549,7.919749937,456733,356596.6,16.44086062,8943.718555,0.4359073327,20.69884146,1.224292742,4.362829976,0.0044300517,42.08398832,0,0,0,0.01099263132,0.2219740512,0.002202686376,57.80702636,4643.422121
456814,2010334,0.0817,0,0,10.9,0.71,3.18375,0.05,5,1.08,44.5,160401010104,14,-115.0870288,41.02643771,1.114803292,456814,155.0393,18.36258661,1636.471709,0.3899999857,139.1327945,0,0,0.15204077,17.74193548,0,0,0,0.1181241199,0.2587836248,0.0278298122,11.48311207,5.374100342
456843,2010281,0.0701,0,0,1,6.4,123.25625,0.635,5.2,5.07,177.4,160401060103,14,-116.5201922,41.21809388,2.278798165,456843,30001.66,22.35148986,2915.576725,0.4545050801,32.99182686,0.6536241796,0.0104987821,0.0953687786,62.58064516,0,0,0,0.01649626717,0.05044994854,0.003812110103,1.84e-05,234.3079052
457038,2010180,0.1435,0,0.248,0,0.6,700.47,2.323,10.1,62.55,29931.9,160503040500,14,-118.7177584,38.69544863,1.211731004,457038,41388.78,14.13155407,5968.223587,0.2472407825,20.6029161,1.207460029,1.361844437,0.0283356116,91.11238532,0,0,0,0.07460151613,0.04176551646,0.0262751786,24.62607075,12000.84592
457064,2011497,0.115,0,0,0,6.11,34.905,0.761,1.7,4.02,31.9,160502010106,16,-119.8752558,38.61145731,1.472070373,457064,76.75695,5.617269545,741.176196,0.0299999993,144.6709452,0,0,24.05896014,0,0,0,0,0,0.08433468994,0,28.7533808,12.2694567
457285,2010177,0.1652,0.03,0,0,5.19,92.325,1.343,1.9,7.72,2172.4,160501020506,14,-119.7788017,39.54193482,1.699661489,457285,72.25943,19.24567901,6813.67037,0.3507160587,39.1345679,97.16049383,0,2.044066342,68.57142857,39.99373273,0,0,0,27.85648203,0,120521.635,8.590572523
457341,2011391,0.157,0,0,0,0.37,5.15625,0.138,8.4,1.24,11.2,160501020203,16,-120.3226819,39.36823329,1.240309127,457341,83.86529,6.779395297,1009.453527,0.1599999964,254.1254199,0,0,38.38131722,0,0,0,0,0,0.1794213983,0,0.1435787629,14.27404972
457492,2010192,0.0363,0,0,0,2.75,21.74875,0.165,2,1.32,422.3,160600040503,14,-117.1653489,39.24142728,1.437650789,457492,4081.144,19.04907042,2690.389851,0.3609143777,114.3415742,0,0,3.298698146,53.84615385,0,0,0,0,0.1409512218,0,32.62730369,6.669421641
457519,2010358,0.451,0,0,2,0.98,14.055,0.566,23.7,6.56,475.5,160600081002,14,-114.8076899,39.15161325,1.929845626,457519,8457.961,19.47659093,2589.67493,0.4366045669,67.02980694,1.238535039,1.964205912,0.4380280613,100,0,0,0,0.07467757165,0.1525389068,0.003069066162,25.42228418,122.2327816
457597,2011265,1.03,0,0,0,5.11,27.06,0.329,2.22,2.83,49.7,170103030202,14,-116.60775,47.46632691,1.707021744,457597,2200.027,11.22116027,1719.275,0.2777704628,231.9497078,1.042987443,0,25.50052476,95.46902655,0,0,0,0.2038515508,0.248260127,7.93e-05,561.5512496,307.7288651
457666,2011405,0.0979,0,0,0,2.46,6.58375,0.454,3.5,5.09,146.1,170102131310,11,-116.1553624,48.13487066,1.138819883,457666,63.18779,9.947517731,1564.140426,0.3600000143,248.7985816,0,0,21.14735884,95.50321199,0,0,0,0.7228353024,0.3460054759,0.0141755551,697.9420271,7.193145491
457685,2011290,0.191,0,0,0,1.21,9.9325,0.12,23.7,1.12,9.2,170103020102,11,-115.7306255,47.51673155,1.397794429,457685,109.03,6.762852405,638.5389718,0.2300000042,246.1749585,0,0,35.85049614,90.24390244,212.9510476,0,0,0,0.7958973942,0,869.6381419,5.600011502
457715,2010851,0.0651,0.1,0,1,4.69,11.5059,0.525,4.3,4.34,244.5,170101010903,11,-115.1064523,48.95391153,1.547045626,457715,529.2717,20.80965376,3470.587413,0.28985536,116.1280914,2.194997448,0,13.54852435,50,0,0,0,0,0.2375585429,0,235.9795413,15.85476844
457983,2010547,0.0868,0,0,0,0.8,6.36875,0.138,9.2,1.36,174,170102020701,11,-113.3745811,46.11856345,1.630829402,457983,7462.454,10.73043668,814.4513188,0.3011471271,188.9186951,0,0,10.91236175,0,0,0,0,0,0.02562371998,0,1.443245714,153.8160594
458012,2011275,0.0665,0,0,2,2.62,12.01125,0.358,2.2,3.81,35.3,170102150309,11,-116.8245591,48.45958211,1.405838732,458012,568.6438,6.775896087,1606.925682,0.3943083007,248.3625452,0.0790513834,0,22.68238342,100,0,0,0,0.04358853772,0.271993339,0.0008362968915,436.7042359,54.92952277
458314,2011262,0.132,0,0,4.1,2.14,15.98875,0.408,5.86,2.54,23.8,170103050302,11,-116.9129811,47.88860534,2.98404163,458314,11779.51,8.493638539,1574.701444,0.3546584007,227.2882961,3.279665615,0.0030565383,13.23597871,96.01769912,0,0,0,0.06842306256,0.6920031137,2.48e-05,2709.972358,369.9538984
458324,2010711,0.0524,0,0,0,0.61,1.0775,0.104,16.7,0.8,117.6,170102060402,11,-114.3227906,48.95305503,2.101883456,458324,6178.098,10.09316028,1185.268969,0.184643797,240.0917776,0,0,28.17386455,0,0,0,0,0.0753101036,0.01741851946,0,0.08254826063,693.7889913
458460,2010906,0.138,0,0,0,1.26,13.43125,0.24,7.8,3.27,215.1,170102100103,11,-114.7314471,48.67184933,2.37577336,458460,165.113,9.015764222,2804.401645,0.3338949705,248.3790267,0,0,19.12553545,95.65217391,0,0,0,0.10211806,0.4372077323,0.0002476824385,57.49255683,43.25572427
458557,2011345,0.0537,0,0,1,0.91,7.82,0.055,9.9,0.86,100.9,170102120501,11,-113.9150733,47.24433083,1.16258324,458557,77.82408,8.309907834,2698.169355,0.3359907804,220.0645161,0,0,7.159273166,64.29752066,0,0,0,0.470936656,0.1359387803,0.01014868549,107.4030201,7.136125149
459210,2010850,0.137,0,0,0,0.92,6.90625,0.093,5.5,1.4,5.9,170102050601,11,-114.5008529,46.16230103,1.195979764,459210,97.3579,7.305914972,871.012939,0.213123845,207.6303142,0,0,48.79100986,0,0,0,0,0.003711079713,0.03508391552,0,27.47791349,10.19835622
459528,2011261,0.108,0,0,11,20,43.23875,0.726,0.9,5.53,78,170101040202,11,-116.0927661,48.75663947,1.457692637,459528,668.6968,7.909239352,1823.011974,0.2474267313,226.4493128,0,0,29.22713463,88.63636364,0,0,0,0.01760369726,0.07837648705,2.43e-05,89.16929393,22.0468866
459828,2011247,0.115,0,0,58.5,1.33,38.39875,0.621,3.6,4.95,90.8,170103080106,11,-117.3184806,48.15384927,2.616322188,459828,5773.105,9.613726442,1583.383407,0.287819973,194.1317187,2.808051515,0.0031183248,10.28874369,57.89473684,0,0,0,0,0.8898200225,0,1734.933294,124.1565787
459835,2010384,0.0962,0,0,0,2.19,11.7575,0.259,3.7,2.57,237.6,170102080206,11,-114.1206419,48.24723575,1.645718873,459835,3894.428,15.3508286,3329.662787,0.2986988986,170.5907504,4.89011116,32.61306649,19.317665,72.74807572,0,0,0,4.58044672,0.7527985967,0.03558237114,744.5219321,154.8257683
459837,2010627,0.0513,0,0,0,1.46,11.8875,0.121,4.2,1.33,207.3,170101010903,11,-115.115945,48.96440721,2.394760188,459837,11186.17,11.899133,2036.584149,0.2458927057,214.7163857,1.558635614,0.1906430338,13.54852435,50,0,0,0,0,0.2375585429,0,235.9795413,88.60019296
459983,2010858,0.143,0,0,1,1.55,21.0809,0.974,6.1,14.58,321.1,170102100401,11,-114.4534248,48.46872897,1.342904439,459983,136.5322,10.28688525,2327.618169,0.3899999857,186.9938525,0,3.873933027,15.50947069,82.82828283,0,0,0,4.004280567,0.5154752144,0.03027897932,922.1631366,15.96937741
460254,2011264,0.0848,0,0,2,1.1,22.51125,0.6,4.9,7.6,359.8,170101040301,11,-116.1086054,48.72523347,1.55514534,460254,178.0109,9.386639676,1919.674595,0.3070597262,163.5733806,0,0,27.34972304,93.22033898,0,0,0,0.3560317457,0.1631608788,0.002106331552,272.6751729,8.944856257
460408,2010843,0.0583,0,0,0,0.45,3.7325,0.03,14,0.68,7.8,170102040101,11,-113.9376529,47.059544,1.297358264,460408,80.47694,8.853488372,951.0709302,0.257795102,219.8860465,0,0,5.782312442,0,0,0,0,0,0,0,0.05699255603,17.66629753
460593,2011197,0.0566,0,0,1,2.66,36.516,0.741,6.7,6.33,304.8,170200050501,14,-119.7762217,48.23450898,1.5906303,460593,280.4471,11.63799743,2236.026316,0.264537862,159.9043646,2.984595635,0,0.2763408348,44.46322908,0,0,0,14.10779285,0.7028402653,0.2090438155,671.9438742,4.192921217
460663,2011342,0.0267,0,0,0,1.52,34.20875,0.238,6.3,1.96,352.2,170200140201,14,-119.3231064,47.58866522,2.549514447,460663,1114.889,14.30549948,3331.308003,0.4300000072,39.86578374,0,0,0.0033981688,61.28959276,0,0,0,10.84144115,0.7662129452,0.2488603193,542.272917,40.96098336
461288,2011185,0.0124,0,0,1,1.59,31.185,0.699,4.7,6.71,443.9,170200080509,14,-120.1847629,48.3954517,1.459717282,461288,194.9863,17.17565698,2695.917473,0.2700000107,191.1678193,4.011065007,0,7.991507303,82.36775819,0,0,0,0.2129828334,0.9313958286,0.003043729863,723.485947,9.725897829
461289,2011380,0.0215,0,0,1,2.1,9.68625,0.711,5.3,7.07,516.3,170200090303,14,-120.1637185,47.91805492,1.440057862,461289,4518.042,13.31949502,1625.997879,0.3146495416,88.75799288,7.658599741,14.59018026,1.461566525,34.50924896,0,0,0,18.79427719,3.120271346,0.007906259864,1161.144443,78.95439344
461572,2011371,0.0161,0,0.238,0,4.41,55.89,1.869,4,21.69,4247.4,170200120106,14,-119.5904019,47.73132108,2.079881045,461572,7018.929,9.14968374,3436.746657,0.3893981591,25.77333385,2.946380491,30.42926379,0,69.24051779,0,0,0,9.62827301,0.6096050066,0.01189119699,39.50464292,75.12435633
461606,2010693,0.0157,0.03,0,0,135.5,174.555,2.468,0.4,7.62,536.5,170200150904,14,-119.4205743,47.05944201,8.560604436,461606,353.2944,15.88118022,5004.856194,0.2251866853,43.71982988,0,0.508001016,0,79.75401292,0,0,0,11.39247894,4.740658658,0.3024930963,14126.44821,51.19972307
461746,2010782,0.0242,0,0,0,0.45,3.89125,0.034,13.2,0.38,32.1,170200090101,15,-120.7378528,48.50121486,1.177501789,461746,344.3928,4.659741718,673.2445255,0.1800000072,181.5948905,0,0,48.5548323,0,0,0,0,0,0.3485775681,0,0.1374381739,21.43968514
462149,2011353,0.0671,0,0,0,3.91,32.65,1.114,5.5,10.8,143,170200050201,14,-118.893226,48.03669571,1.608005896,462149,966.3602,12.84368145,2167.497186,0.3212930994,85.66142108,0,0.1863238308,2.175822477,65.56442417,0,0,0,0.2818504274,0.3927191377,0.00830951585,26.18468771,49.08976617
462794,2011099,0.0403,0,0,1,9.9,34.40625,1.616,2.7,4.55,414.5,170300020312,14,-120.5560594,46.62213373,1.242024964,462794,3.237123,15.45454545,3787.272727,0.4399999976,57.45454545,61.76470588,0,0.5104339785,42.444224,0,1596.539565,0,45.39860535,3.33734028,3.697922344,8195.787856,5.561124763
463086,2011165,0.0118,0,0,7.5,3.58,52.46,1.153,23.7,1.63,478.7,170402060405,11,-112.6937963,43.07827865,2.317783206,463086,920.0793,20.24876653,5376.510756,0.2709521491,35.95589106,4.364419219,84.99853215,0.1839455556,57.62632564,0,0,0,58.80218124,0.3484795162,0.6615298123,214.2695045,23.23454589
463336,2011373,0.0464,0,6.1,0,32.8,547.58,1.686,1.7,11.47,152.3,170402200302,14,-114.8126646,43.25141951,4.054398658,463336,14700.53,22.78331949,1740.686736,0.3012929028,73.7188732,0.3514508061,9.760413414,3.097682219,80.01023803,0,0,0,0.557501018,0.01943534772,0.1110032305,1.510425846,582.8748164
463477,2011155,0.0417,0,0,1,29.44,1.91625,0.029,1.3,2.56,355.6,170402090403,14,-113.2178667,42.62895427,6.44328843,463477,403860.2,19.1032456,2643.325877,0.383622361,52.70778135,1.532754291,20.40675115,0.2732174988,30.89634452,0,0,0,3.917020082,0.07045301476,0.2541599353,6.658029233,4768.376617
463478,2011201,0.039,0,0,2,22,71.9625,0.519,1.9,2.55,167,170402020307,11,-111.5108599,44.40448559,6.431162546,463478,87519.99,15.38956079,1950.803809,0.2844770094,164.5008623,0.8332502105,0,10.88851579,0,0,0,0,0,0.3849340913,0,214.5624178,3055.385814
463638,2011139,0.0343,0,0,3.1,3.63,34.2625,0.844,4.9,4.85,282.9,170402080105,11,-111.9673081,42.8975835,2.256952299,463638,24533.26,22.25068655,1396.016116,0.3947773739,93.1212737,0.9820717789,5.921045391,2.341487031,14.02420105,0,0,0,13.91147137,0.09264915496,0.05943444577,35.45598871,511.7472214
464221,2010831,0.101,0,0,0,33.44,50.1625,0.528,1.4,3.41,87.9,170502030106,14,-118.0526669,44.68130524,2.684216584,464221,41748.2,11.21725965,1434.278504,0.3368776337,205.8877609,1.222953498,0.0056049341,4.434205362,97.61904762,0,0,0,0.08379232138,0.1829735806,0.007930021159,6.215763874,908.7565637
464465,2011103,0.119,0,0,0,0.62,10.17875,0.109,7.45,1.79,11.6,170501230104,11,-116.0215785,45.12800304,1.975044478,464465,10696.83,10.75571999,1262.801876,0.2655559983,193.5835227,0,0,32.21411035,0,0,0,0,0,0.06119642688,0,0.1672337952,125.7894578
464576,2010461,0.102,0,0,0,3.04,41.60375,0.663,3.5,5.25,1125.4,170501011106,14,-115.8432926,42.96527228,1.368056622,464576,215.3767,14.42920354,2827.052655,0.2800000012,24.30265487,2.640402347,0.1676445935,0.1138891672,70.80752739,0,0,0,16.07807922,0.2318470109,1.520581638,11.5623176,35.82330551
464605,2010303,0.0793,0,0,0,2.11,112.57375,0.716,4,5.58,182.4,170501040106,14,-115.7983636,41.66042818,3.017606066,464605,35808.36,21.45243097,1270.649677,0.4292674218,62.10447618,0.5099501863,0.0037699619,0.8831377928,70.04405286,0,0,0,0.01901012287,0.1360445818,0.004146937086,28.11607845,532.3429244
464688,2011340,0.06,0,0,0,16.96,43.86625,0.469,3,4.3,38.5,170501230506,11,-115.9844949,44.37348291,2.70298863,464688,1158.992,9.9315675,1060.486251,0.25158925,221.1394283,0,0,13.47396325,98.60335196,0,0,0,0.156424582,0.2084540012,0.006195062673,205.6597805,17.84973021
464697,2011124,0.0504,0,0,0,2.37,147.26875,0.483,0.9,6.31,166.2,170501020801,14,-115.9021938,42.3493209,1.261492926,464697,7425.261,19.64858728,2768.715575,0.3678302928,23.06760645,0.789272681,0,2.502985247,0,0,0,0,0.08621343225,0.02455587732,0.002551705951,0,38.11933594
464740,2010441,0.0411,0.05,0,0,106.59,148.00375,1.015,1,3.85,118.8,170501161303,14,-118.1547792,43.93147007,1.706607842,464740,106106.6,17.27567352,2269.294686,0.3514442641,146.6810668,0.4456485229,0.3237610225,1.573954355,16.82242991,0,0,0,0.4559896886,0.06419540829,0.02033237783,8.524588285,746.1101907
464743,2010487,0.0522,0,0,0,2.72,310.705,0.819,3,6.63,452,170501190204,14,-117.6984017,44.36497486,2.142018219,464743,71349.7,19.024792,2326.571113,0.3675595859,71.96392675,1.820642782,1.683397625,3.378389349,14.63414634,0,0,0,1.828113914,0.08480113464,0.03803259943,4.211974188,307.4366951
464872,2011073,0.0549,0,0,0,0.75,45.4875,0.321,23.7,1.96,55.9,170501240101,11,-116.4633971,44.96548472,1.902089182,464872,7295.894,10.49608064,905.0545243,0.3600000143,226.8238456,0.2331347371,0,16.11852868,0,0,0,0,0,0.1865745757,0,1.16623816,293.841715
465065,2011092,0.0418,0,0,3.1,1.3,19.6575,0.281,6,2.96,36.4,170501220303,11,-116.1839569,44.32939856,1.697568669,465065,2641.061,8.589297338,940.5709,0.1800000072,246.7104389,0,0.0170282328,13.26678104,47.03947368,0,0,0,0.330910027,0.1413945997,0.03682993293,11.25554918,96.15295981
465119,2011210,0.113,0,0,0,0.32,14.6075,0.056,8.8,1.41,42.7,170602010301,11,-114.8612437,43.91257173,1.229563852,465119,6842.07,14.24026008,1103.804078,0.1146428977,172.4345959,0,0,23.8842751,0,0,0,0,0,0.03713002448,0,0.4810410299,338.9776675
466049,2011330,0.0271,0.03,0,0,1.03,17.69,0.216,23.7,2.62,43.9,170602050304,11,-115.1313596,44.41333695,1.793171605,466049,558.2445,10.41341956,1735.620534,0,173.0118027,0,0,26.08863396,0,0,0,0,0,0.0562408189,0,0.2046896759,12.70574887
466237,2010730,0.125,0.03,0,0,0.8,4.4775,0.046,11,1.1,20.3,170602010302,11,-114.8756683,44.00110995,1.616421679,466237,1269.812,14.51905862,1531.360381,0.2878466549,176.8465204,0,0,23.52029688,56.25,0,0,0,0.03368396312,0.08376588196,0.0002751093506,0.8356665473,78.27468841
466359,2011411,0.0697,0,0,2,11.84,48.02375,0.264,2.1,2.5,36.8,170603080701,11,-116.1716003,46.77018171,1.947714712,466359,10743.99,6.938567784,2273.445835,0.3058751556,286.5853053,0.4088163594,0.0008377384,29.82161106,100,0,1500.645,0,0,0.1740827414,0,137.9129165,32.37058736
466500,2011254,0.0544,0,1.17,0,20.16,80.475,1.216,2.3,10.82,394.7,170601080602,14,-117.8027028,47.37726601,1.600498087,466500,12602.56,15.45892878,2209.9574,0.3700000048,86.69502401,2.147320313,20.77694862,2.155245885,69.38547486,0,0,0,2.191919565,0.5193515161,0.01337743533,258.951609,21.5459426
466689,2011299,0.0559,0,0,0,0.51,7.505,0.171,23.7,1.84,12.1,170703010105,15,-121.8937664,43.81939521,1.188551129,466689,430.2872,6.557335042,1453.32287,0.1573688657,310.6939996,0,0,52.30433905,0,0,0,0,0,0.02341653968,0,0.487928067,20.99283601
466696,2011109,0.127,0,0,0,1.52,19.28375,0.278,3.8,3.1,41.4,170703010903,14,-121.8014316,44.3998421,1.532620542,466696,260.5156,7.369310345,762.6341379,0.25,303.73,3.862068966,0,60.85707508,0,0,0,0,0,0.2623481127,0,9.99944168,6.178224993
466989,2011314,0.0355,0,0,0,0.33,0.5575,0.079,19.6,0.67,5.9,170703010108,15,-121.9753964,43.74237129,1.703926608,466989,127.02,5.080093313,738.9222395,0.1800000072,301.0202177,0,0,32.90397587,0,0,0,0,0,0.1641303224,0,0,52.97632634
467096,2011291,0.0519,0,0,0,0.71,3.33125,0.108,23.7,1.22,3.3,170703060401,15,-121.7843433,44.7785379,2.210046322,467096,59.46948,5.473134328,2733.202985,0.25,335.1955224,0,0,41.98279211,100,0,0,0,0,0.1816907548,0,2.958650541,6.29389615
467140,2010737,0.0391,0.04,4.61,1,34.84,299.3525,1.5,0.2,5.34,249.5,170703040606,14,-120.4505034,44.18950401,1.39274922,467140,11635.03,17.82979069,1616.91657,0.363818466,203.4178308,0,0,1.622087987,56.35359116,0,0,0,0.3607437313,0.06956280858,0.006234132886,0.4121192054,12.83855451
467276,2010445,0.159,0,0,0,0.74,23.44875,0.083,23.7,0.7,17.2,170703010101,15,-121.7440012,44.01630878,4.019622337,467276,5569.278,7.522618484,811.0911111,0.1071508242,255.9009165,0.5994022134,0,44.22930945,0,0,0,0,0,0.2221542525,0,2.078622196,128.055499
467396,2010531,0.101,0,0,0,0.3,45.49625,0.5,23.7,0.51,2.1,170703060401,15,-121.8138523,44.79636042,1.158436715,467396,37.833,5.488095238,2997.783333,0.25,350.2952381,0,0,41.98279211,100,0,0,0,0,0.1816907548,0,2.958650541,6.208596566
467576,2011382,0.0205,0,0,0,1.28,10.54875,0.051,8.1,0.61,38.9,170800040306,15,-121.6294655,46.26670311,1.267547318,467576,85.07122,4.163952226,1248.839305,0.3154893643,334.009772,7.765957447,0,61.59722067,75,0,0,0,0,0.6909465623,0,0,17.67885685
467585,2011091,0.101,0,0,0,8.08,28.66875,0.494,3,3.17,56.2,170800050204,15,-122.4042504,46.49810321,1.569135427,467585,1541.825,19.19516367,1710.988086,0.2912332365,296.9200826,4.134110787,6.379008746,67.3745196,100,0,0,0,0.5543263555,0.3226554101,0.1930372289,186.0343965,87.64177227
467966,2010959,0.0098,0,0,0,0.26,0.2375,0.013,21.5,0.66,3.4,170900010601,15,-122.0423072,43.72989563,2.230479365,467966,5020.302,6.413540969,1424.772568,0.1641353044,310.3772978,0.8137950814,0,46.93223482,0,0,0,0,0,0.1609826639,0,0,2454.103449
468117,2010961,0.0774,0,0,0,0.38,9.4025,0.166,23.7,1.74,9.1,170900010602,15,-122.0164521,43.79723739,1.348020576,468117,176.0166,13.84647089,2444.616692,0.1800000072,253.7588872,1.950718686,0,57.54639162,0,0,0,0,0,0.01553729765,0,0.0001759375391,26.45342381
468729,2010654,0.0772,0,0,0,0.5,6.36125,0.183,23.7,1.5,6.5,170900040103,15,-121.8569784,43.98949945,1.265539602,468729,543.8641,6.078285336,1540.877027,0.1800000072,319.3455809,0,0,62.19463789,100,0,0,0,0.02908214368,0,0,0.4335858564,5.449739582
468749,2010367,0.0378,0,0,0,6,106.02875,0.804,23.7,11.76,243.6,170900030205,15,-123.344016,44.54860957,2.279835356,468749,65.09677,31.52301255,1586.324965,0.3258159042,111.0655509,18.13110181,60.11157601,39.43961939,52.60804769,0,0,0,22.8186264,4.000173324,0.1065016807,6105.838692,33.93370733
469598,2011162,0.0805,0,0,0,1.12,10.7725,0.178,6.1,1.86,76.4,171003040404,15,-124.1792631,43.63188374,1.43972267,469598,34.65039,13.80707396,2139.234727,0.25,255.9678457,0,0,46.56913477,100,0,0,0,0,0.5729370557,0,197.8124908,14.07326444
469599,2010506,0.0769,0,0,1,8.24,22.5675,0.168,1.8,3.64,113.4,171002070104,15,-124.1463635,43.85458635,3.171609431,469599,46.93547,12.77927063,1906.120921,0.25,237.3570058,23.03262956,0,39.87070103,100,0,0,0,0.002763226861,0.2913789332,7.37e-05,15.34411964,13.97626613
469732,2011084,0.0598,0,0,13.4,1.63,22.88125,0.119,3.1,0.39,97.4,171001050106,15,-124.0472286,47.13363542,2.557397544,469732,860.7314,17.55870361,3587.602091,0.3000826046,292.7326712,2.04913748,0,72.46378724,100,0,0,0,2.199219227,0.5042466813,0.143625118,323.6156409,5.55363583
469965,2010614,0.0484,0,0,0,0.24,1.35875,0.056,23.7,0.67,3.4,171003010205,15,-122.1078133,43.36581949,1.163206224,469965,100.6996,4.597680642,1457.991079,0.1800000072,307.9785905,0,0,41.4340032,0,0,0,0,0,0.2448755067,0,9.717004621,6.446702644
469968,2010662,0.119,0,0,0,2.34,23.6375,0.313,2.4,3.49,134.1,171003080102,15,-122.6070112,42.15810365,3.385317897,469968,16199.28,17.23371239,675.4325897,0.2564484991,200.5262477,2.16133046,0.2505165863,17.61153803,37.15545755,0,0,0,1.138231993,0.5139952621,0.01426488189,404.6167236,315.6633183
470105,2010699,0.0995,0,0.168,0,81.44,183.195,2.18,0.5,7.13,94.1,171003050207,15,-124.0769438,42.89059866,1.818248724,470105,48.47558,26.43364486,875.8074766,0.2647476739,276.7663551,10.65420561,0,78.2586563,86.66666667,0,0,0,3.390729427,0.5343667017,0.1328828375,781.9117611,9.449083577
470232,2011079,0.13,0,0,0,8.78,28.09125,0.491,1,9.67,62.5,171001060506,15,-124.0353503,46.43216039,2.755806222,470232,94.24727,12.72163966,1792.430887,0.1899999976,315.8979981,5.815061964,0,81.92236379,100,0,0,0,2.779693604,3.206395252,0.4734266374,2429.27877,21.49331694
470518,2011119,0.672,0,0,1,1.82,8.2275,0.356,5.1,3.88,58.9,171100190402,15,-122.682808,47.15691637,1.716782882,470518,101.9499,10.39707317,1207.33561,0.248926344,291.0878049,58.6512866,0.0887311446,19.61960674,92.38095238,0,0,0,5.195444107,4.153280604,0,6160.285823,30.66151677
470593,2011065,0.65,0,0,34.6,11.54,29.67,0.631,0.5,8.96,62.5,171100130305,15,-122.1881384,47.42133717,1.421984544,470593,137.271,15.3348654,2241.980959,0.2700000107,132.8253447,88.83782009,0.3939592909,18.24585013,59.12162162,0.04997585345,0,0,0.8318545818,48.36553319,0.3242083078,188645.4688,13.88258738
470727,2011417,0.0496,0,0,1,1.36,18.8125,0.288,23.7,2.87,61.1,171100180302,15,-123.1715391,47.47121968,1.751073788,470727,1130.667,15.55405082,1793.041663,0.2912099137,287.5016331,7.490249144,0,74.7417182,0,0,0,0,0,0.3507864028,0,11.9735201,26.31297386
470759,2011408,0.131,0,0,3.1,1.68,12.145,0.113,5.8,1.87,39.3,171100190610,15,-122.7844202,47.40960669,1.130653613,470759,479.8464,11.31191281,1772.36227,0.2599999905,281.4199549,0.7703870726,0,28.22974281,100,0,0,0,0.3129151165,1.545280218,0.0530797984,9277.881838,7.550230922
471180,2011344,0.0867,0,0,0,0.39,1.93625,0.084,23.7,0.45,6.6,171100100201,15,-121.4556715,47.46706804,1.515228355,471180,354.5179,5.255236618,1736.072408,0.1800000072,261.4502198,0,0,100.0922701,0,0,0,0,0,0.02333637986,0,0.2880740128,65.57271079
471263,2011389,0.211,0,0,0,8.08,27.4325,0.456,3,6.75,77.4,171100180702,15,-122.8825511,47.89647192,1.905389911,471263,1325.92,15.39045804,1597.504322,0.3006757503,260.7411012,3.853721419,3.290589592,23.96289331,0,0,0,0,0.6156663895,0.3752635553,0.07779160114,379.7833559,43.64087817
471389,2011440,0.0547,0,0,12.2,6.64,23.685,0.421,3.6,2.37,111.5,171100130301,15,-121.992543,47.3508252,1.374473166,471389,277.9176,16.57058631,2040.16017,0.2572821757,254.6675401,8.712613784,0,45.76162072,0,14.79705823,0,0,1.011140585,6.696873461,0.2965550081,14885.54363,7.31030116
471536,2011046,0.263,0,0.22,0,5.7,21.375,0.42,3.4,3.49,78.3,171100190701,15,-122.7579454,47.24420593,1.156177949,471536,181.8574,12.23229167,1489.214063,0.2599999905,279.9015625,9.905894007,2.476473502,25.19132577,100,0,0,0,0.5404085517,4.390840059,0.05927844304,13393.78689,51.71263788
471796,2011460,0.447,0.03,0,6.3,21.6,59.40625,0.84,0.6,7.17,44.4,171100160202,15,-122.8313144,47.02115314,1.193685483,471796,157.4359,15.7627907,2117.663372,0.2700000107,213.2209302,92.21076747,0,36.75524752,95.5704698,0,0,0,8.031646729,23.38255812,2.468438071,61027.46103,21.32483726
472006,2011070,0.293,0,0,0,1.98,13.455,0.553,7,4.7,87.7,171100190201,15,-122.2969413,48.13638185,1.663291212,472006,804.026,8.885220865,1288.013863,0.2525923539,248.3866306,35.12424446,2.496082382,17.80108997,79.48717949,0,0,0,0.2828204036,3.990635536,0.09792689491,11595.77788,216.5848961
472105,2011420,0.241,0,0,0,5.55,15.9359,0.3,3.8,4.3,97.9,171100040604,15,-122.453364,48.70290548,1.282393597,472105,636.8673,13.63226828,1390.449338,0.3000000119,266.7397812,31.07152954,0.2403166525,18.81606733,45.83333333,0,0,0,0,12.37471672,0,25452.69664,59.69893958
472607,2010251,0.0311,0,0,0,2.33,70.35,0.968,23.7,5.25,140.8,171200080106,14,-119.4604645,41.91597353,1.200463844,472607,8997.253,21.23444813,3713.211117,0.3521405104,22.01236733,0,0,0.8374751349,0,0,0,0,0,0.03734984716,0,0,29.52714567
472859,2010923,0.0108,0,0.163,0,11,336.43125,2.858,0.1,29.76,1051.7,171200090704,14,-118.4466588,42.77221399,1.250708684,472859,6652.307,19.23968122,3495.397587,0.4067618054,49.3842053,0,1.65291492,1.794723193,87.81038375,0,0,0,0.1710930914,0.2140049841,0.0437816719,6.964219298,146.792588
473078,2010899,0.0658,0,0,0,1.72,10.05375,0.075,5.4,0.75,19.9,171200090209,14,-118.5887838,42.62919655,1.154158762,473078,205.6603,15.69493007,1575.353584,0.3700000048,176.7386364,0,0,1.005499124,81.03448276,0,0,0,0.1295128167,0.1276215067,0.04116347275,6.254541336,7.01967665
473512,2010663,0.0492,0,0,22.8,5.31,49.85625,0.35,2,2.71,68.4,180102060405,15,-122.4780039,42.13141312,2.050207806,473512,2217.619,12.66543596,327.516574,0.2699476717,274.3491297,2.397857752,0,18.16142533,0,0,0,0,0,0.2144115361,0,216.7284756,4.9561168
473839,2011310,0.0235,0,0.683,0,38.48,172.99375,1.718,1.5,17.54,160.1,180102020711,14,-121.6362686,42.62267036,1.608130871,473839,6324.845,12.26146357,830.9743604,0.1141340595,237.7624343,0,0.1323240659,2.166479777,16.66666667,0,0,0,0.4517698288,0.4954863662,0.007367791134,1.333652929,90.81137806
474116,2010770,0.0257,0,0,42.6,3.18,57.68875,0.509,23.7,3.32,91.6,180102041101,14,-121.1358339,41.52743212,1.510890354,474116,102.1595,27.05975395,2207.213533,0.3193145928,179.4622144,2.899824253,0.3514938489,2.477566738,67.12328767,0,0,0,0.1063748822,0.1168309928,0.00199081415,0.5303703693,17.76273163
474533,2010532,0.0266,0,0,0,0.77,16.27375,0.273,9.5,1.3,23.5,180201280302,16,-120.4364795,39.11404425,1.932138589,474533,11708.43,9.566330351,1043.33472,0.1854062818,290.4466154,0.0146049365,0,44.97247241,50,0,0,0,0,0.1686595112,0,0,574.4510658
475176,2010228,0.0476,0.05,0,12.1,13.3,886.198,0.701,0.5,3.31,830.8,180201630701,16,-121.5352099,38.50843549,2.75803321,475176,3749.369,23.06491314,1660.189038,0.3391062028,50.81416687,99.4668844,0.2329378992,0.5917434104,62.56825788,10625.36318,3660985,6,2.635416746,46.26092093,0.1543032982,264830.7257,22.09926591
475735,2011392,1.09,0,0,2,5.31,33.04125,0.47,1.98,4.3,57.4,180201210102,16,-121.3601937,40.40365726,1.919950024,475735,1023.495,9.038082674,943.4828496,0.1800000072,322.1883026,0,0,19.35316557,0,0,0,0,0,0.2813130643,0,0.01055557914,19.84071764
475870,2010408,0.139,0,0,1,2.05,10.5175,0.145,5.5,1.85,44.7,180201280604,16,-121.1378471,38.74288283,4.280370182,475870,59810.88,18.39181845,238.8710064,0.2611589608,191.5163634,3.763185218,0,22.36330765,100,0,0,0,0,1.572231241,0,7363.156206,2772.245184
476151,2010409,0.598,0,0,1,0.82,11.555,0.065,2,1.14,36.4,180201260301,16,-121.0422403,39.01373267,3.953299063,476151,7633.866,18.7731009,57.62972337,0.3091884649,174.3935401,11.20846206,0,35.46629569,31.25,1.563355773,849.4,0,0,1.10499454,0,14888.65903,109.0023463
476164,2010296,0.0404,0,0,0,1.31,12.83375,0.149,6.3,1.65,57.8,180201520301,16,-122.6941887,40.50756818,2.070919806,476164,3052.451,17.63612991,727.5610981,0.2199999988,166.3997459,0.4451126047,0,15.16001626,86.66666667,0,0,0,0,0.03315845877,0,25.90711741,35.56874056
476413,2010905,0.109,0,0,0,1.26,6.5075,0.08,8,1.14,5.7,180201250602,16,-120.4297398,39.30031921,2.642363757,476413,220.2821,7.440855705,719.0805369,0.1599999964,280.0415268,0,0,44.57199785,0,3.217793184,1063,0,0,1.358424839,0,350.7548258,44.18687827
479505,2010218,0.0685,0,0.155,3.1,16.41,35.15625,0.834,1.5,6.27,86.4,180400080702,16,-120.3540724,37.5412698,2.270389247,479505,1339.339,20.18337491,174.9772804,0.3174574968,35.06903526,3.272189747,2.244171202,9.189298877,70.89093702,0,0,0,3.539349079,0.05007864427,0.6100576509,27.14672687,44.29142544
479755,2010901,0.11,0,0,5.2,9.42,48.245,0.931,2.5,10.76,288.8,180400110305,16,-120.855283,38.14236977,1.529293623,479755,114.6269,18.74665618,231.2730134,0.323068443,58.91896145,26.67191188,0,5.286318687,56.53666147,0,0,0,4.557446957,1.26472176,0.4654341742,5664.547526,5.101289876
480705,2010257,0.1912,0,0,0,1.41,8.25125,0.385,6.3,4.01,759.4,180500040302,16,-121.8364261,37.66970415,1.53429933,480705,43.25952,25.66583541,1185.541147,0.3503312577,49.61346633,22.98136646,1.035196687,1.663627582,42.64104661,0,0,0,4.440516472,16.742702,1.090871178,65466.85057,36.08283418
480826,2010272,0.1348,0,0,0,17.6,28.83375,0.616,1.5,5.52,342.8,180500040803,16,-122.0998603,37.77658592,6.35101987,480826,7534.924,22.15858526,353.3152894,0.316868723,121.4673267,22.63900831,0,5.27937554,49.4047619,0,0,0,0,7.123020918,0.004372462831,47595.9604,306.8166469
481308,2010208,0.1474,0,0,1,21.12,49.845,0.558,1,4.16,156.6,180500050102,16,-122.7433409,38.07822192,5.239219256,481308,8976.968,21.63232869,376.1395979,0.3668017575,123.9870499,1.971144688,0,9.283138101,95.34883721,0,0,0,0.191874221,0.1888454583,0,681.0203573,347.9169383
481332,2010186,0.2643,0,0,65.7,9.95,362.0075,0.701,1.25,4,20363.9,180500020801,16,-122.5184389,38.08314649,1.832729776,481332,18.88342,30.30120482,1577.614458,0.2399999946,107.6385542,100,0,7.287433399,48.25662483,286.43025,235041.058,0,20.93914413,7.88099472,5.718635621,21832.94299,43.0810033
481631,2010411,0.0688,0,0.205,4.1,25.6,648.653,0.868,1.1,6.73,731,180600020803,16,-121.7353852,36.93976027,1.686423409,481631,205.0923,22.29817352,1304.693151,0.3110475382,69.89041096,10.07922535,40.44894366,5.214919686,39.3831554,0,0,0,121.986412,4.061822464,0.3175504477,10693.92451,32.01236913
482168,2010442,0.0916,0,0.523,0,9.78,302.344,0.785,1.5,5.52,845.9,180702030902,16,-117.8058514,33.80823614,2.262885191,482168,5956.036,23.2827214,37.88231816,0.3248841514,65.40166146,12.41238671,0.0785498489,1.098275234,91.83673469,0,0,0,2.203363657,7.716878719,0.0003074122489,30486.55981,28.02054329
482418,2010791,0.0255,0,0,0,7.34,25.6775,0.649,2.6,8.24,568.9,180703040901,16,-116.7747882,32.78718529,4.030373104,482418,10329.92,21.02143518,112.6892335,0.2109750202,70.05295083,10.77494183,0.0548986118,0.6306579499,0,0,0,0,0,0.9075219677,0,4123.543757,148.8662364
482623,2010766,0.0407,0,0,0,8.85,190.6225,1.668,3,12.57,169.6,180800020104,14,-120.0858421,40.85314216,1.33620524,482623,5598.931,22.86640821,3620.7664,0.3750713489,56.019223,0,0,0.863118754,44.62151394,0,0,0,0.1336165667,0.04488427742,0.001872635138,4.239220941,61.82670994
482631,2011482,0.0642,0,0,0,2.45,15.9725,0.354,23.7,4.18,21.2,180800030101,16,-121.1650725,40.51316966,1.299614719,482631,74.96168,7.897094431,702.0072639,0.3400000036,237.4176755,0,0,8.464300721,0,0,0,0,0,0.1673033351,0,0,8.618315582
482720,2010765,0.0764,0,0,0,8.72,48.8175,0.411,2.75,2.53,102.1,180800010104,14,-120.10668,41.90977197,1.528639385,482720,1896.163,21.98779092,2306.685187,0.2521690641,97.94939908,0.018985239,0,8.345531398,46.57070707,0,0,0,4.926458836,0.2026763009,0.09343600176,31.90364488,19.63695195
483184,2010855,0.0833,0,0,0,1.08,5.55715,0.475,8,5.64,290.7,180901010301,14,-119.0736097,37.788645,1.231962097,483184,461.8631,8.104552068,917.626481,0.0913801804,147.4402411,5.450652132,0,26.70818486,0,0,0,0,0,0.4534990297,0,630.9571149,123.9776777
